id,ficheiro,pasta,sha256,bytes,largura,altura,orientacao,aspeto,fator_upscale,resolucao_ok,equipamento,digitalizacao,data_exif,ano,fonte_ano,usada_pela_mae,inicio_original_s,duracao_original_s,bloco_original,pessoa,fonte_pessoa,legenda_mae,proxy,caminho,nota
f0001,10-1 (2).jpg,00-ORIGINAL-MAE/Originals,c8d1b4e63eb40eccf66cec760393a4c4188715f9bad3dab20e5fc1a26b1c2928,615887,1203,789,horizontal,1.525,1.6,Nao,,Sim,,1996,Tiago (indicativo),Sim,503.9,7.0,Familia,Familia,bloco da mae,Com o pai. Era pequenina e já lhe dava ouras...,proxies/c8d1b4e63eb4.jpg,C:\casamento-video-media\trabalho\00-ORIGINAL-MAE\Originals\10-1 (2).jpg,ano por determinar
f0002,10-1.jpg,00-ORIGINAL-MAE/Originals,c8d1b4e63eb40eccf66cec760393a4c4188715f9bad3dab20e5fc1a26b1c2928,615887,1203,789,horizontal,1.525,1.6,Nao,,Sim,,,,Nao,,,,,,,proxies/c8d1b4e63eb4.jpg,C:\casamento-video-media\trabalho\00-ORIGINAL-MAE\Originals\10-1.jpg,ano por determinar
f0003,10-3.jpg,00-ORIGINAL-MAE/Originals,e71eac1976c62b6b31ce128bae93287b1bddbb12ccf4296a84b8829c412b0db5,127495,484,1071,vertical,0.452,3.97,Nao,HP HP Scanjet djf2100,Sim,,1998,Tiago (indicativo),Sim,516.4,5.0,Familia,Familia,bloco da mae,,proxies/e71eac1976c6.jpg,C:\casamento-video-media\trabalho\00-ORIGINAL-MAE\Originals\10-3.jpg,upscale forte; ano por determinar
f0004,10-5.JPG,00-ORIGINAL-MAE/Originals,f2572fd72e6b359e47b366aaaa118394ce49e6f243c4d4fc4310a71586791f03,6001257,4320,3240,horizontal,1.333,0.44,Sim,NIKON COOLPIX L120,Nao,2013-08-29,2013,EXIF,Sim,521.4,7.0,Familia,Familia,bloco da mae,"""Pai, põe a mochila, depois levas o skate...""",proxies/f2572fd72e6b.jpg,C:\casamento-video-media\trabalho\00-ORIGINAL-MAE\Originals\10-5.JPG,
f0005,11-13.jpg,00-ORIGINAL-MAE/Originals,32fe0971e0cdf1fc064904efa1abb741f7d0614512d0a7fc22e1684fcd4f268e,5114661,4000,3000,horizontal,1.333,0.48,Sim,samsung SM-A226B,Nao,2025-06-01,2025,EXIF,Sim,573.9,9.0,Familia,Familia,bloco da mae,"-Clara, gostas dessa canção do Ed Sheeran? -Gosto! -Então não a estragues...",proxies/32fe0971e0cd.jpg,C:\casamento-video-media\trabalho\00-ORIGINAL-MAE\Originals\11-13.jpg,
f0006,11-3 - Cópia.JPG,00-ORIGINAL-MAE/Originals,30a1f61df92f568051873c0fad1027a587b2af3a3cd54c42a6ddfa7366037d71,422401,1215,911,horizontal,1.334,1.58,Nao,,Nao,,,,Nao,,,,,,,proxies/30a1f61df92f.jpg,C:\casamento-video-media\trabalho\00-ORIGINAL-MAE\Originals\11-3 - Cópia.JPG,ano por determinar
f0007,11-3.JPG,00-ORIGINAL-MAE/Originals,cdba946e3743acbe54c30b0880c18b81c40361ce17de7d539787550e00d4f5ea,263113,1215,911,horizontal,1.334,1.58,Nao,,Sim,,,,Nao,,,,,,,proxies/cdba946e3743.jpg,C:\casamento-video-media\trabalho\00-ORIGINAL-MAE\Originals\11-3.JPG,ano por determinar
f0008,21-49-13.JPG,00-ORIGINAL-MAE/Originals,bf51a0f134b3e68d5425446030545ebb393e007f977f60ab66175e14baaa90de,962379,3072,2304,horizontal,1.333,0.62,Sim,Hewlett-Packard HP Photosmart M630,Sim,,,,Nao,,,,,,,proxies/bf51a0f134b3.jpg,C:\casamento-video-media\trabalho\00-ORIGINAL-MAE\Originals\21-49-13.JPG,ano por determinar
f0009,5-3.jpg,00-ORIGINAL-MAE/Originals,aecf3b9a91bcdb23f4d8d6a359b67e507c1f6dc12b6a740f6e97b2419c4a1c05,117535,592,911,vertical,0.65,3.24,Nao,,Sim,,1997,Tiago (indicativo),Sim,57.9,7.0,Clara,Clara,bloco da mae,"Muito rebelde... (Dizia ""não se mexe"", e mexia...)",proxies/aecf3b9a91bc.jpg,C:\casamento-video-media\trabalho\00-ORIGINAL-MAE\Originals\5-3.jpg,upscale forte; ano por determinar
f0010,6.jpg,00-ORIGINAL-MAE/Originals,56ed3e896af2d1e4aa5a490e2728bb3993fdbe7b36e155e93422c13c8b5d36d4,452639,793,1222,vertical,0.649,2.42,Nao,HP HP Scanjet djf2100,Sim,,1997,Tiago (indicativo),Sim,52.9,5.0,Clara,Clara,bloco da mae,Muito curiosa...,proxies/56ed3e896af2.jpg,C:\casamento-video-media\trabalho\00-ORIGINAL-MAE\Originals\6.jpg,upscale forte; ano por determinar
f0011,WhatsApp Image 2026-03-01 at 13.30.02.jpeg,00-ORIGINAL-MAE/Originals,cdd685165fe8a7200beb7c73a169643fcaed3d1075e6aeba21790bfe05b96783,191063,1600,1135,horizontal,1.41,1.2,Nao,,Nao,,2026,nome do ficheiro,Sim,1389.4,12.5,Cumplicidades,Ambos,bloco da mae,,proxies/cdd685165fe8.jpg,C:\casamento-video-media\trabalho\00-ORIGINAL-MAE\Originals\WhatsApp Image 2026-03-01 at 13.30.02.jpeg,
f0012,1 (2).jpg,00-ORIGINAL-MAE/wetransfer_fotos_2026-09-10_1110,a91967f21fb7369a764793d666b1a4bb699882c0b1d49d98924dce6740c6a661,241781,769,1086,vertical,0.708,2.5,Nao,HP HP Scanjet djf2100,Sim,,1995,Tiago (indicativo),Sim,38.4,7.0,Clara,Clara,bloco da mae,"Era clara, e como já estava vaticinado, chamar-se-ia Clara.",proxies/a91967f21fb7.jpg,C:\casamento-video-media\trabalho\00-ORIGINAL-MAE\wetransfer_fotos_2026-09-10_1110\1 (2).jpg,upscale forte; ano por determinar
f0013,10-1 (2).jpg,00-ORIGINAL-MAE/wetransfer_fotos_2026-09-10_1110,87ac058fc704923ff52298e65e01ead027b35d1fb135c85925d68266addeaef1,455014,1203,789,horizontal,1.525,1.6,Nao,,Sim,,1996,Tiago (indicativo),Sim,503.9,7.0,Familia,Familia,bloco da mae,Com o pai. Era pequenina e já lhe dava ouras...,proxies/87ac058fc704.jpg,C:\casamento-video-media\trabalho\00-ORIGINAL-MAE\wetransfer_fotos_2026-09-10_1110\10-1 (2).jpg,ano por determinar
f0014,10-2.jpg,00-ORIGINAL-MAE/wetransfer_fotos_2026-09-10_1110,8c164c920f474a9a3ce570184d082e9ccc2f2c8bbadc1835ae5512c5cff7d1b7,210241,912,730,horizontal,1.249,2.11,Nao,HP HP Scanjet djf2100,Sim,,1995,Tiago (indicativo),Sim,509.4,5.0,Familia,Familia,bloco da mae,,proxies/8c164c920f47.jpg,C:\casamento-video-media\trabalho\00-ORIGINAL-MAE\wetransfer_fotos_2026-09-10_1110\10-2.jpg,upscale forte; ano por determinar
f0015,10-3.jpg,00-ORIGINAL-MAE/wetransfer_fotos_2026-09-10_1110,082227db3e9b4bd270797a982504c379c6827ea9a5300efac9c78b22a2232b6b,181345,484,1071,vertical,0.452,3.97,Nao,HP HP Scanjet djf2100,Sim,,1998,Tiago (indicativo),Sim,516.4,5.0,Familia,Familia,bloco da mae,,proxies/082227db3e9b.jpg,C:\casamento-video-media\trabalho\00-ORIGINAL-MAE\wetransfer_fotos_2026-09-10_1110\10-3.jpg,upscale forte; ano por determinar
f0016,10-4.jpg,00-ORIGINAL-MAE/wetransfer_fotos_2026-09-10_1110,94e70ac9081ca5bec97b8cb490bf9ea3aa11dbd291b65152b3ca172c45ff21ac,265793,1167,789,horizontal,1.479,1.65,Nao,,Sim,,1996,Tiago (indicativo),Sim,512.9,5.0,Familia,Familia,bloco da mae,,proxies/94e70ac9081c.jpg,C:\casamento-video-media\trabalho\00-ORIGINAL-MAE\wetransfer_fotos_2026-09-10_1110\10-4.jpg,ano por determinar
f0017,10-5.JPG,00-ORIGINAL-MAE/wetransfer_fotos_2026-09-10_1110,b1905d6febb47a84f5313eb5fac2a1fe1093836ec57dcf5992e2945fa22bc79e,3231926,4320,3240,horizontal,1.333,0.44,Sim,NIKON COOLPIX L120,Nao,2013-08-29,2013,EXIF,Sim,521.4,7.0,Familia,Familia,bloco da mae,"""Pai, põe a mochila, depois levas o skate...""",proxies/b1905d6febb4.jpg,C:\casamento-video-media\trabalho\00-ORIGINAL-MAE\wetransfer_fotos_2026-09-10_1110\10-5.JPG,
f0018,1021-1.jpg,00-ORIGINAL-MAE/wetransfer_fotos_2026-09-10_1110,792d8790e5e8778f10eeafca3c99a8eef7729f34aafc1da76bda88a4b2d46f91,97836,663,728,vertical,0.911,2.9,Nao,,Nao,,2024,Tiago (indicativo),Sim,1339.9,9.0,Cumplicidades,Ambos,bloco da mae,"Os lenços brancos da despedida, depois de ter abandonado os convidados...",proxies/792d8790e5e8.jpg,C:\casamento-video-media\trabalho\00-ORIGINAL-MAE\wetransfer_fotos_2026-09-10_1110\1021-1.jpg,upscale forte; ano por determinar
f0019,1021.jpg,00-ORIGINAL-MAE/wetransfer_fotos_2026-09-10_1110,70a01f071361c6f5683138d806f517dc397f341e69080b36853a185daa66ce75,220285,1200,1145,horizontal,1.048,1.6,Nao,,Nao,,2023,Tiago (indicativo),Sim,1329.9,10.0,Cumplicidades,Ambos,bloco da mae,"Festa de aniversário da Clara, estava a festa a decorrer e ela saiu porque tinha de ir a Lisboa, em trabalho.",proxies/70a01f071361.jpg,C:\casamento-video-media\trabalho\00-ORIGINAL-MAE\wetransfer_fotos_2026-09-10_1110\1021.jpg,ano por determinar
f0020,1031.JPG,00-ORIGINAL-MAE/wetransfer_fotos_2026-09-10_1110,790049905d4ba1b4d4662c4ef9fcacb2d5a37fc07904a8fdf1b5f14592e7d29e,7293383,4496,3000,horizontal,1.499,0.43,Sim,NIKON CORPORATION NIKON D3400,Nao,2023-08-15,2023,EXIF,Sim,1356.4,9.0,Cumplicidades,Ambos,bloco da mae,No Santuário do Bom Jesus de Braga,proxies/790049905d4b.jpg,C:\casamento-video-media\trabalho\00-ORIGINAL-MAE\wetransfer_fotos_2026-09-10_1110\1031.JPG,
f0021,11-10.JPG,00-ORIGINAL-MAE/wetransfer_fotos_2026-09-10_1110,e9de2b3ff82a805a53e2037ed73e359f0333c8461b69741d95def972d3a33c02,2457072,3648,2736,horizontal,1.333,0.53,Sim,Canon Canon PowerShot SX540 HS,Nao,2019-09-02,2019,EXIF,Sim,557.9,5.0,Familia,Familia,bloco da mae,,proxies/e9de2b3ff82a.jpg,C:\casamento-video-media\trabalho\00-ORIGINAL-MAE\wetransfer_fotos_2026-09-10_1110\11-10.JPG,
f0022,11-12.JPG,00-ORIGINAL-MAE/wetransfer_fotos_2026-09-10_1110,08fb8f855bcb9e728f298aafcf997f50c88c635ae03581acea8137f91d89dd77,2797300,3648,2736,horizontal,1.333,0.53,Sim,Canon Canon PowerShot SX540 HS,Nao,2023-09-06,2023,EXIF,Sim,562.9,12.5,Familia,Familia,bloco da mae,"Em Viena: -Estas sobremesas são bem instagramáveis! -Demoramos menos tempo a comê-las, do que a fotografá-las...",proxies/08fb8f855bcb.jpg,C:\casamento-video-media\trabalho\00-ORIGINAL-MAE\wetransfer_fotos_2026-09-10_1110\11-12.JPG,
f0023,11-13.jpg,00-ORIGINAL-MAE/wetransfer_fotos_2026-09-10_1110,7098995a01471f5dfac7e5a3019bc2ae28003aa967f78ff1c1f0b61a8c189533,5135557,4000,3000,horizontal,1.333,0.48,Sim,samsung SM-A226B,Nao,2025-06-01,2025,EXIF,Sim,573.9,9.0,Familia,Familia,bloco da mae,"-Clara, gostas dessa canção do Ed Sheeran? -Gosto! -Então não a estragues...",proxies/7098995a0147.jpg,C:\casamento-video-media\trabalho\00-ORIGINAL-MAE\wetransfer_fotos_2026-09-10_1110\11-13.jpg,
f0024,11-14.jpg,00-ORIGINAL-MAE/wetransfer_fotos_2026-09-10_1110,7e257f689c132547e390378c05e1a26b7a7168813b0be476dfca2e4cf8884a7b,584439,1178,755,horizontal,1.56,1.63,Nao,HP HP Scanjet djf2100,Sim,,,,Sim,590.4,7.0,Familia,Familia,bloco da mae,Com o mano e a mãe,proxies/7e257f689c13.jpg,C:\casamento-video-media\trabalho\00-ORIGINAL-MAE\wetransfer_fotos_2026-09-10_1110\11-14.jpg,ano por determinar
f0025,11-15.jpg,00-ORIGINAL-MAE/wetransfer_fotos_2026-09-10_1110,25ff04ac37d3836c64036358827560ae4c9fcca76207afc4db8c6ffd0ce0713b,630111,802,1194,vertical,0.672,2.39,Nao,HP HP Scanjet djf2100,Sim,,,,Sim,595.9,5.0,Familia,Familia,bloco da mae,,proxies/25ff04ac37d3.jpg,C:\casamento-video-media\trabalho\00-ORIGINAL-MAE\wetransfer_fotos_2026-09-10_1110\11-15.jpg,upscale forte; ano por determinar
f0026,11-20.jpg,00-ORIGINAL-MAE/wetransfer_fotos_2026-09-10_1110,6349dd0dde5392ecc08bbae05a118f3bc0fbf54ddbb198acd7d8e9a9e1303308,519400,1684,1589,horizontal,1.06,1.14,Nao,samsung SM-J510FN,Nao,,,,Sim,599.4,7.0,Familia,Familia,bloco da mae,E com o pai,proxies/6349dd0dde53.jpg,C:\casamento-video-media\trabalho\00-ORIGINAL-MAE\wetransfer_fotos_2026-09-10_1110\11-20.jpg,ano por determinar
f0027,11-4.JPG,00-ORIGINAL-MAE/wetransfer_fotos_2026-09-10_1110,53d02675d153cd953e85e01db0ccb84d92de3da84eeaa2272c7d8ab68c56018c,260857,1215,911,horizontal,1.334,1.58,Nao,,Sim,,2015,Tiago (indicativo),Sim,534.9,5.0,Familia,Familia,bloco da mae,Com o Henrique (o mano),proxies/53d02675d153.jpg,C:\casamento-video-media\trabalho\00-ORIGINAL-MAE\wetransfer_fotos_2026-09-10_1110\11-4.JPG,ano por determinar
f0028,11-5.jpg,00-ORIGINAL-MAE/wetransfer_fotos_2026-09-10_1110,4e5a45015e638d03f66cfb5c7dae2f5269a4d7e784f1ab1bdcd37eef843231c4,115747,720,504,horizontal,1.429,2.67,Nao,,Sim,,2016,Tiago (indicativo),Sim,538.4,6.0,Familia,Familia,bloco da mae,Com o Henrique (o mano),proxies/4e5a45015e63.jpg,C:\casamento-video-media\trabalho\00-ORIGINAL-MAE\wetransfer_fotos_2026-09-10_1110\11-5.jpg,upscale forte; ano por determinar
f0029,11-6.jpg,00-ORIGINAL-MAE/wetransfer_fotos_2026-09-10_1110,41aebb03d1f1a106a334b4fcb3b3980027c54af507dd4b0174013b0c9f405759,157737,615,911,vertical,0.675,3.12,Nao,,Sim,,2016,Tiago (indicativo),Sim,542.9,5.0,Familia,Familia,bloco da mae,,proxies/41aebb03d1f1.jpg,C:\casamento-video-media\trabalho\00-ORIGINAL-MAE\wetransfer_fotos_2026-09-10_1110\11-6.jpg,upscale forte; ano por determinar
f0030,11-7.jpg,00-ORIGINAL-MAE/wetransfer_fotos_2026-09-10_1110,f639224e801877ef7dd03c920b2f757cc9a5508b09ed64a59c7759d720e570ea,485722,551,1178,vertical,0.468,3.48,Nao,,Sim,,2017,Tiago (indicativo),Sim,546.4,5.0,Familia,Familia,bloco da mae,,proxies/f639224e8018.jpg,C:\casamento-video-media\trabalho\00-ORIGINAL-MAE\wetransfer_fotos_2026-09-10_1110\11-7.jpg,upscale forte; ano por determinar
f0031,11-8.jpg,00-ORIGINAL-MAE/wetransfer_fotos_2026-09-10_1110,9ff7733dae95837f481b113d83a913e253137811e90aa93a7b4705e8a2a6325a,191067,610,911,vertical,0.67,3.15,Nao,,Sim,,2018,Tiago (indicativo),Sim,549.9,5.0,Familia,Familia,bloco da mae,,proxies/9ff7733dae95.jpg,C:\casamento-video-media\trabalho\00-ORIGINAL-MAE\wetransfer_fotos_2026-09-10_1110\11-8.jpg,upscale forte; ano por determinar
f0032,11-9.jpg,00-ORIGINAL-MAE/wetransfer_fotos_2026-09-10_1110,5717cfa55040758da8154e42cc78e9b9df0c44e7f96a58ad439041420e27dc49,265479,1227,911,horizontal,1.347,1.56,Nao,,Sim,,2018,Tiago (indicativo),Sim,553.4,6.0,Familia,Familia,bloco da mae,,proxies/5717cfa55040.jpg,C:\casamento-video-media\trabalho\00-ORIGINAL-MAE\wetransfer_fotos_2026-09-10_1110\11-9.jpg,ano por determinar
f0033,11.jpg,00-ORIGINAL-MAE/wetransfer_fotos_2026-09-10_1110,12a5c0e3ab6bddef1713d3525d298d986c2fb316fa4730bb30ff75e4e06b7bab,631983,1165,794,horizontal,1.467,1.65,Nao,HP HP Scanjet djf2100,Sim,,2014,Tiago (indicativo),Sim,526.9,5.0,Familia,Familia,bloco da mae,Com a mãe,proxies/12a5c0e3ab6b.jpg,C:\casamento-video-media\trabalho\00-ORIGINAL-MAE\wetransfer_fotos_2026-09-10_1110\11.jpg,ano por determinar
f0034,1200.jpg,00-ORIGINAL-MAE/wetransfer_fotos_2026-09-10_1110,39d984ffa907c59cee059f473a2a6a8e39b3b83a2f4e371f59f63ef094c9fe0d,438270,1536,1007,horizontal,1.525,1.25,Nao,,Nao,,,,Sim,1014.4,6.0,Tiago,Tiago,bloco da mae,Com o Henrique no Parque Guell,proxies/39d984ffa907.jpg,C:\casamento-video-media\trabalho\00-ORIGINAL-MAE\wetransfer_fotos_2026-09-10_1110\1200.jpg,ano por determinar
f0035,182-73.JPG,00-ORIGINAL-MAE/wetransfer_fotos_2026-09-10_1110,29245f2f28d930ef37717670622e2bdf4f5dfb8bf39d1e84670283fbf1b765b7,720893,2035,2106,vertical,0.966,0.94,Sim,Canon Canon PowerShot SX540 HS,Nao,,2025,Tiago (indicativo),Sim,1259.9,5.0,Cumplicidades,Ambos,bloco da mae,,proxies/29245f2f28d9.jpg,C:\casamento-video-media\trabalho\00-ORIGINAL-MAE\wetransfer_fotos_2026-09-10_1110\182-73.JPG,ano por determinar
f0036,182-74.JPG,00-ORIGINAL-MAE/wetransfer_fotos_2026-09-10_1110,93d7b689d2f311fc82d88709f2600099df9524371b1e5f425ca8f6cf0a55cb5b,6254472,5184,3888,horizontal,1.333,0.37,Sim,Canon Canon PowerShot SX540 HS,Nao,2025-05-02,2025,EXIF,Sim,1291.4,5.0,Cumplicidades,Ambos,bloco da mae,,proxies/93d7b689d2f3.jpg,C:\casamento-video-media\trabalho\00-ORIGINAL-MAE\wetransfer_fotos_2026-09-10_1110\182-74.JPG,
f0037,182-76.JPG,00-ORIGINAL-MAE/wetransfer_fotos_2026-09-10_1110,d6eb5b7a4c5b584d02bc9af3e292154334495beadfc390f39deee19e95bbafd0,4525397,5184,3888,horizontal,1.333,0.37,Sim,Canon Canon PowerShot SX540 HS,Nao,2025-05-03,2025,EXIF,Sim,1263.4,5.0,Cumplicidades,Ambos,bloco da mae,,proxies/d6eb5b7a4c5b.jpg,C:\casamento-video-media\trabalho\00-ORIGINAL-MAE\wetransfer_fotos_2026-09-10_1110\182-76.JPG,
f0038,185.JPG,00-ORIGINAL-MAE/wetransfer_fotos_2026-09-10_1110,273672a3bc04dd8a1e60b19ee9aeaaa41eb28731c98fe19b952b24f1fc170232,1776019,3316,3312,horizontal,1.001,0.58,Sim,Panasonic DMC-FX150,Nao,2016-10-22,2016,EXIF,Sim,1086.9,5.0,O encontro,Ambos,bloco da mae,,proxies/273672a3bc04.jpg,C:\casamento-video-media\trabalho\00-ORIGINAL-MAE\wetransfer_fotos_2026-09-10_1110\185.JPG,
f0039,19-1.JPG,00-ORIGINAL-MAE/wetransfer_fotos_2026-09-10_1110,32e5a736abee2af2930f993785810b9f0f9053b00bec8914751cc2dd9e8e5d42,4016148,2672,4000,vertical,0.668,0.72,Sim,SONY DSC-W210,Nao,2018-07-27,2018,EXIF,Sim,165.9,5.0,Clara,Clara,bloco da mae,,proxies/32e5a736abee.jpg,C:\casamento-video-media\trabalho\00-ORIGINAL-MAE\wetransfer_fotos_2026-09-10_1110\19-1.JPG,
f0040,19-2.JPG,00-ORIGINAL-MAE/wetransfer_fotos_2026-09-10_1110,80021a8b6dbe38cbefee03d01a7d737a1f38b079ea4dddb72b3f12ba9f15410a,3914065,4000,2672,horizontal,1.497,0.48,Sim,SONY DSC-W210,Nao,2014-05-29,2014,EXIF,Sim,169.4,7.0,Clara,Clara,bloco da mae,E comunicativa (No Rock in Rio Lisboa),proxies/80021a8b6dbe.jpg,C:\casamento-video-media\trabalho\00-ORIGINAL-MAE\wetransfer_fotos_2026-09-10_1110\19-2.JPG,
f0041,2.jpg,00-ORIGINAL-MAE/wetransfer_fotos_2026-09-10_1110,41da1696abab260270b6e59abf4f6a656ac81d393edc576620fed3482b7ec6fb,227329,1074,597,horizontal,1.799,1.81,Nao,HP HP Scanjet djf2100,Sim,,1996,Tiago (indicativo),Sim,43.9,6.0,Clara,Clara,bloco da mae,Era muito bem disposta...,proxies/41da1696abab.jpg,C:\casamento-video-media\trabalho\00-ORIGINAL-MAE\wetransfer_fotos_2026-09-10_1110\2.jpg,ano por determinar
f0042,20-1.jpg,00-ORIGINAL-MAE/wetransfer_fotos_2026-09-10_1110,bcd275d7c3f2f4678d5cbeed3a7714eeede79e2bef3dd1849a1ecd01974cd6ce,1811584,3264,2448,horizontal,1.333,0.59,Sim,NIKON COOLPIX L120,Nao,2011-08-07,2011,EXIF,Sim,272.9,6.0,Clara,Clara,bloco da mae,Aprecia atividades ao ar livre,proxies/bcd275d7c3f2.jpg,C:\casamento-video-media\trabalho\00-ORIGINAL-MAE\wetransfer_fotos_2026-09-10_1110\20-1.jpg,
f0043,20-2.JPG,00-ORIGINAL-MAE/wetransfer_fotos_2026-09-10_1110,e6a32206cbb71c5bdf795377bcc724e652549f8f68c5a3b4a3ff077ff87354be,5161638,3648,2736,horizontal,1.333,0.53,Sim,Canon Canon PowerShot SX540 HS,Nao,2018-08-12,2018,EXIF,Sim,277.4,5.0,Clara,Clara,bloco da mae,"Velozes, de preferência...",proxies/e6a32206cbb7.jpg,C:\casamento-video-media\trabalho\00-ORIGINAL-MAE\wetransfer_fotos_2026-09-10_1110\20-2.JPG,
f0044,20-3.JPG,00-ORIGINAL-MAE/wetransfer_fotos_2026-09-10_1110,7f5770c0ebd8d899db2160c2d19eae3d695a9bd934f2aec4e3e44d139783cfc2,3210658,3648,2736,horizontal,1.333,0.53,Sim,Canon Canon PowerShot SX540 HS,Nao,2020-08-15,2020,EXIF,Sim,280.9,7.0,Clara,Clara,bloco da mae,"Velozes, de preferência...",proxies/7f5770c0ebd8.jpg,C:\casamento-video-media\trabalho\00-ORIGINAL-MAE\wetransfer_fotos_2026-09-10_1110\20-3.JPG,
f0045,20-4.png,00-ORIGINAL-MAE/wetransfer_fotos_2026-09-10_1110,455ea8ace84bcb1aba4e12653d3deb914601792096f1a5ae190922632755f540,1780099,1614,729,horizontal,2.214,1.48,Nao,,Sim,,,,Sim,286.4,7.0,Clara,Clara,bloco da mae,... E com adrenalina...,proxies/455ea8ace84b.jpg,C:\casamento-video-media\trabalho\00-ORIGINAL-MAE\wetransfer_fotos_2026-09-10_1110\20-4.png,ano por determinar
f0046,20.JPG,00-ORIGINAL-MAE/wetransfer_fotos_2026-09-10_1110,06732fa4451828a93e08517a1833f582e95fa307e0320f25059f7fb37b080b46,2545281,2672,4000,vertical,0.668,0.72,Sim,SONY DSC-W210,Nao,2016-08-18,2016,EXIF,Sim,307.4,5.0,Clara,Clara,bloco da mae,Cena de filme à Marilyn Monroe,proxies/06732fa44518.jpg,C:\casamento-video-media\trabalho\00-ORIGINAL-MAE\wetransfer_fotos_2026-09-10_1110\20.JPG,
f0047,200_ML_FestaNatal2022.jpg,00-ORIGINAL-MAE/wetransfer_fotos_2026-09-10_1110,bec830daa428a5d4a96d272aa7faecc1e2dfdb9e32be14a1fbc0da1a75afc62c,3238190,5250,3500,horizontal,1.5,0.37,Sim,,Nao,,,,Sim,704.9,6.0,Colegas de trabalho (dela),Amigos,bloco da mae,,proxies/bec830daa428.jpg,C:\casamento-video-media\trabalho\00-ORIGINAL-MAE\wetransfer_fotos_2026-09-10_1110\200_ML_FestaNatal2022.jpg,ano por determinar
f0048,20170204_200730.jpg,00-ORIGINAL-MAE/wetransfer_fotos_2026-09-10_1110,756029f2f4f66028e61819a9d7db111474753a13a94cf2de5ab5abae2e15e06e,1408155,2576,1932,horizontal,1.333,0.75,Sim,samsung SM-J510FN,Nao,2017-02-04,2017,EXIF,Sim,1188.4,6.0,O encontro,Ambos,bloco da mae,"Em comum, também tinham a paixão pelo FCP.",proxies/756029f2f4f6.jpg,C:\casamento-video-media\trabalho\00-ORIGINAL-MAE\wetransfer_fotos_2026-09-10_1110\20170204_200730.jpg,
f0049,20170521_162505.jpg,00-ORIGINAL-MAE/wetransfer_fotos_2026-09-10_1110,4c9a960e30f4744fb31cb32aa4f8321d76430089009207f7820ec5c32e2a2404,2919796,4128,3096,horizontal,1.333,0.47,Sim,samsung SM-J510FN,Nao,2017-05-21,2017,EXIF,Sim,966.9,5.0,Tiago,Tiago,bloco da mae,Na Régua,proxies/4c9a960e30f4.jpg,C:\casamento-video-media\trabalho\00-ORIGINAL-MAE\wetransfer_fotos_2026-09-10_1110\20170521_162505.jpg,
f0050,20170805181124.jpg,00-ORIGINAL-MAE/wetransfer_fotos_2026-09-10_1110,8f1f5d66acb5050754dedbc5befeaad0e18bd8b7b57256d0395f6458d7da4321,3789496,4608,3456,horizontal,1.333,0.42,Sim,Canon Canon PowerShot SX530 HS,Nao,2017-08-05,2017,EXIF,Sim,1128.4,5.0,O encontro,Ambos,bloco da mae,,proxies/8f1f5d66acb5.jpg,C:\casamento-video-media\trabalho\00-ORIGINAL-MAE\wetransfer_fotos_2026-09-10_1110\20170805181124.jpg,
f0051,20250608_224334 - Cópia.jpg,00-ORIGINAL-MAE/wetransfer_fotos_2026-09-10_1110,b5db056089a0dca3dcbdfe74153022f4a3d8adec00f6d5883cfa17a22323d18a,611712,1834,1626,horizontal,1.128,1.05,Nao,samsung SM-A226B,Nao,,2025,nome do ficheiro,Sim,1351.9,6.0,Cumplicidades,Ambos,bloco da mae,Jogo do Campeonato da Europa,proxies/b5db056089a0.jpg,C:\casamento-video-media\trabalho\00-ORIGINAL-MAE\wetransfer_fotos_2026-09-10_1110\20250608_224334 - Cópia.jpg,
f0052,20260101_011410.jpg,00-ORIGINAL-MAE/wetransfer_fotos_2026-09-10_1110,701078eed7edb1eb999aab5bd4e521899d53ea854ad060b82a7f1e83cafa5030,3598074,3000,4000,vertical,0.75,0.64,Sim,samsung SM-A226B,Nao,2026-01-01,2026,EXIF,Sim,1363.9,10.0,Cumplicidades,Ambos,bloco da mae,"Primeiros minutos de 2026, quando foi anunciado o noivado.",proxies/701078eed7ed.jpg,C:\casamento-video-media\trabalho\00-ORIGINAL-MAE\wetransfer_fotos_2026-09-10_1110\20260101_011410.jpg,
f0053,20260101_011607.jpg,00-ORIGINAL-MAE/wetransfer_fotos_2026-09-10_1110,3a3f24ecaaa09a2c964ca6f05dbb764f2478a322ccaa8d45f883a1f957639e42,2280293,3493,3000,horizontal,1.164,0.55,Sim,samsung SM-A226B,Nao,,2026,nome do ficheiro,Sim,1372.4,7.0,Cumplicidades,Ambos,bloco da mae,,proxies/3a3f24ecaaa0.jpg,C:\casamento-video-media\trabalho\00-ORIGINAL-MAE\wetransfer_fotos_2026-09-10_1110\20260101_011607.jpg,
f0054,20260623_201228.jpg,00-ORIGINAL-MAE/wetransfer_fotos_2026-09-10_1110,a103211387d5281884ecb7ee18c72c6bbecd2f00d50f53962f4e69ea08d4189c,650929,1337,2424,vertical,0.552,1.44,Nao,samsung SM-A226B,Nao,,2026,legenda (ano escrito),Sim,249.4,5.5,Clara,Clara,bloco da mae,No Mundial de futebol 2026,proxies/a103211387d5.jpg,C:\casamento-video-media\trabalho\00-ORIGINAL-MAE\wetransfer_fotos_2026-09-10_1110\20260623_201228.jpg,
f0055,21-1.JPG,00-ORIGINAL-MAE/wetransfer_fotos_2026-09-10_1110,c28bff443eddaed7162078d0d8c4efaf3713a1743b8d522ce9df279d88ed4d4e,1655003,2944,3000,vertical,0.981,0.65,Sim,Panasonic DMC-FX150,Nao,,2014,Tiago (indicativo),Sim,677.4,6.0,Amigos e colegas,Amigos,bloco da mae,Com as amigas de sempre,proxies/c28bff443edd.jpg,C:\casamento-video-media\trabalho\00-ORIGINAL-MAE\wetransfer_fotos_2026-09-10_1110\21-1.JPG,ano por determinar
f0056,21-10.JPG,00-ORIGINAL-MAE/wetransfer_fotos_2026-09-10_1110,ca1bf4543f719f0aa64fcbea02ca82548c3416f651e7b5c0f305c2d3cf68f468,1031968,2049,1537,horizontal,1.333,0.94,Sim,Apple iPhone SE,Nao,2018-05-11,2018,EXIF,Sim,342.9,8.0,Clara,Clara,bloco da mae,E ganhou o Prémio de Melhor Oradora pela FDUP,proxies/ca1bf4543f71.jpg,C:\casamento-video-media\trabalho\00-ORIGINAL-MAE\wetransfer_fotos_2026-09-10_1110\21-10.JPG,
f0057,21-11-1.JPG,00-ORIGINAL-MAE/wetransfer_fotos_2026-09-10_1110,13b8c4eb28d7b3332008842a7a364352b1609f102817af79924d5e2334adce63,4032338,3648,2736,horizontal,1.333,0.53,Sim,Canon Canon PowerShot SX540 HS,Nao,2020-06-23,2020,EXIF,Sim,358.4,5.0,Clara,Clara,bloco da mae,Em Serralves,proxies/13b8c4eb28d7.jpg,C:\casamento-video-media\trabalho\00-ORIGINAL-MAE\wetransfer_fotos_2026-09-10_1110\21-11-1.JPG,
f0058,21-11-2.JPG,00-ORIGINAL-MAE/wetransfer_fotos_2026-09-10_1110,26d1cf3b0e276a636fbbce98045da88ab7d4843d5501d9aefef593208567037d,3587147,3648,2736,horizontal,1.333,0.53,Sim,Canon Canon PowerShot SX540 HS,Nao,2019-09-03,2019,EXIF,Sim,361.9,5.0,Clara,Clara,bloco da mae,Em Sintra / Em Setúbal,proxies/26d1cf3b0e27.jpg,C:\casamento-video-media\trabalho\00-ORIGINAL-MAE\wetransfer_fotos_2026-09-10_1110\21-11-2.JPG,
f0059,21-11-3.jpg,00-ORIGINAL-MAE/wetransfer_fotos_2026-09-10_1110,4e38442e2ee635b19d7ea76344515179cc11e41442f7ad927c6f982f406c06fd,447088,1215,911,horizontal,1.334,1.58,Nao,,Sim,,2019,Tiago (indicativo),Sim,365.4,5.0,Clara,Clara,bloco da mae,Em Setúbal / Nos Açores,proxies/4e38442e2ee6.jpg,C:\casamento-video-media\trabalho\00-ORIGINAL-MAE\wetransfer_fotos_2026-09-10_1110\21-11-3.jpg,ano por determinar
f0060,21-11.jpeg,00-ORIGINAL-MAE/wetransfer_fotos_2026-09-10_1110,edf63e58ecff7cefe89a538ab16fb2082256dcc4fae47223b65c76579c7f1f44,1641998,3024,4032,vertical,0.75,0.63,Sim,,Sim,,2019,Tiago (indicativo),Sim,352.9,7.0,Clara,Clara,bloco da mae,"Passeios. O verbo ""ir"" é o que melhor sabe conjugar.",proxies/edf63e58ecff.jpg,C:\casamento-video-media\trabalho\00-ORIGINAL-MAE\wetransfer_fotos_2026-09-10_1110\21-11.jpeg,ano por determinar
f0061,21-12.JPG,00-ORIGINAL-MAE/wetransfer_fotos_2026-09-10_1110,c23d62c1d891cea2d5f3cb752070fe6cf9952b09783c1441761305c135423782,256248,983,911,horizontal,1.079,1.95,Nao,,Sim,,2019,Tiago (indicativo),Sim,368.9,5.0,Clara,Clara,bloco da mae,Nos Açores,proxies/c23d62c1d891.jpg,C:\casamento-video-media\trabalho\00-ORIGINAL-MAE\wetransfer_fotos_2026-09-10_1110\21-12.JPG,ano por determinar
f0062,21-13.JPG,00-ORIGINAL-MAE/wetransfer_fotos_2026-09-10_1110,4dbeb0455b063c62947392f30103e2a0a9d50337d7b099701395120e437dc716,437539,1215,911,horizontal,1.334,1.58,Nao,,Sim,,2019,Tiago (indicativo),Sim,372.4,5.0,Clara,Clara,bloco da mae,,proxies/4dbeb0455b06.jpg,C:\casamento-video-media\trabalho\00-ORIGINAL-MAE\wetransfer_fotos_2026-09-10_1110\21-13.JPG,ano por determinar
f0063,21-15.JPG,00-ORIGINAL-MAE/wetransfer_fotos_2026-09-10_1110,b332e127908f18087600ea7a87c376f397f4a2f244375d423fce310575c6ac8c,224894,1215,911,horizontal,1.334,1.58,Nao,,Sim,,2019,Tiago (indicativo),Sim,375.9,5.0,Clara,Clara,bloco da mae,Na Croácia,proxies/b332e127908f.jpg,C:\casamento-video-media\trabalho\00-ORIGINAL-MAE\wetransfer_fotos_2026-09-10_1110\21-15.JPG,ano por determinar
f0064,21-16.JPG,00-ORIGINAL-MAE/wetransfer_fotos_2026-09-10_1110,504a913f07691a879e079d3b847962cc67df9d2c259b02aedfabd8ff2803d244,3458342,2736,3648,vertical,0.75,0.7,Sim,Canon Canon PowerShot SX540 HS,Nao,2019-07-07,2019,EXIF,Sim,379.4,5.0,Clara,Clara,bloco da mae,Na Croácia,proxies/504a913f0769.jpg,C:\casamento-video-media\trabalho\00-ORIGINAL-MAE\wetransfer_fotos_2026-09-10_1110\21-16.JPG,
f0065,21-17.JPG,00-ORIGINAL-MAE/wetransfer_fotos_2026-09-10_1110,39262e482aed59847d31bae497e7bda8c2d4a1d1523cf624ee413c45a727640a,3589368,3648,2736,horizontal,1.333,0.53,Sim,Canon Canon PowerShot SX540 HS,Nao,2023-09-04,2023,EXIF,Sim,389.9,6.0,Clara,Clara,bloco da mae,No Parlamento de Budapeste,proxies/39262e482aed.jpg,C:\casamento-video-media\trabalho\00-ORIGINAL-MAE\wetransfer_fotos_2026-09-10_1110\21-17.JPG,
f0066,21-18.JPG,00-ORIGINAL-MAE/wetransfer_fotos_2026-09-10_1110,9caa67c9133455848199d985a13ab106a5aff1d2e28dca303c568bf1345c5aba,3246142,3648,2736,horizontal,1.333,0.53,Sim,Canon Canon PowerShot SX540 HS,Nao,2025-08-25,2025,EXIF,Sim,394.4,5.0,Clara,Clara,bloco da mae,Na Sicília. Siracusa; / Em Taormina,proxies/9caa67c91334.jpg,C:\casamento-video-media\trabalho\00-ORIGINAL-MAE\wetransfer_fotos_2026-09-10_1110\21-18.JPG,
f0067,21-2.jpg,00-ORIGINAL-MAE/wetransfer_fotos_2026-09-10_1110,17a286368860718c5e505961ec4c6e258b9e0f29ab8c390fa86ade95d40c0933,113572,885,794,horizontal,1.115,2.17,Nao,,Sim,,,,Sim,291.9,6.0,Clara,Clara,bloco da mae,"Não gosta de perder, nem a feijões. Preparando-se para fazer um strike...",proxies/17a286368860.jpg,C:\casamento-video-media\trabalho\00-ORIGINAL-MAE\wetransfer_fotos_2026-09-10_1110\21-2.jpg,upscale forte; ano por determinar
f0068,21-20.JPG,00-ORIGINAL-MAE/wetransfer_fotos_2026-09-10_1110,2099b6c30eaff6cfa0b732bb05ec7d8f6825eadf578f8e9fb26c7ba930b9484b,2770161,3648,2736,horizontal,1.333,0.53,Sim,Canon Canon PowerShot SX540 HS,Nao,2024-09-04,2024,EXIF,Sim,402.4,6.0,Clara,Clara,bloco da mae,Na Alemanha. Em Dinkelsbuhl;,proxies/2099b6c30eaf.jpg,C:\casamento-video-media\trabalho\00-ORIGINAL-MAE\wetransfer_fotos_2026-09-10_1110\21-20.JPG,
f0069,21-21.JPG,00-ORIGINAL-MAE/wetransfer_fotos_2026-09-10_1110,d951a2996c2914f071d83c6fe80c129aac5a5538128e49d3d05bbd6ed825f542,1680341,2676,2736,vertical,0.978,0.72,Sim,Canon Canon PowerShot SX540 HS,Nao,,,,Sim,421.4,5.0,Clara,Clara,bloco da mae,Em Bratislava,proxies/d951a2996c29.jpg,C:\casamento-video-media\trabalho\00-ORIGINAL-MAE\wetransfer_fotos_2026-09-10_1110\21-21.JPG,ano por determinar
f0070,21-22.jpeg,00-ORIGINAL-MAE/wetransfer_fotos_2026-09-10_1110,c19dff3dae0ba7264c9aa9066e99ed1d65b68c8939e6f73984a4dba1a9c565e8,3503449,4032,3024,horizontal,1.333,0.48,Sim,Apple iPhone 13,Nao,2024-09-04,2024,EXIF,Sim,412.4,7.0,Clara,Clara,bloco da mae,"Em Schwangau, contemplando o Castelo de Neuschwanstein;",proxies/c19dff3dae0b.jpg,C:\casamento-video-media\trabalho\00-ORIGINAL-MAE\wetransfer_fotos_2026-09-10_1110\21-22.jpeg,
f0071,21-23.jpg,00-ORIGINAL-MAE/wetransfer_fotos_2026-09-10_1110,561d5b78859017713d37b2fc368b96460d3d23f5dfbf1f65bd9e857b69fa72d8,418479,864,1712,vertical,0.505,2.22,Nao,,Sim,,2022,Tiago (indicativo),Sim,428.4,9.0,Clara,Clara,bloco da mae,Na Fontana di Trevi. A Anita Ekberg portuguesa do filme La Dolce Vita.,proxies/561d5b788590.jpg,C:\casamento-video-media\trabalho\00-ORIGINAL-MAE\wetransfer_fotos_2026-09-10_1110\21-23.jpg,upscale forte; ano por determinar
f0072,21-24.jpeg,00-ORIGINAL-MAE/wetransfer_fotos_2026-09-10_1110,7fbdddfd6a65d7039c7d6deb65fa02e534b199e40f82ebd787993d830b8a1b83,3183288,4032,3024,horizontal,1.333,0.48,Sim,Apple iPhone 13,Nao,2024-09-07,2024,EXIF,Sim,406.9,7.0,Clara,Clara,bloco da mae,"Em Wurzburg (Ponte Alte Mainbrucke); / Em Schwangau, contemplando o Castelo de Neuschwanstein;",proxies/7fbdddfd6a65.jpg,C:\casamento-video-media\trabalho\00-ORIGINAL-MAE\wetransfer_fotos_2026-09-10_1110\21-24.jpeg,
f0073,21-25.JPG,00-ORIGINAL-MAE/wetransfer_fotos_2026-09-10_1110,522743417b2c1e13a44ac2adb002e4bb2110ebd41965ac62d8a1c65489f1512a,2995610,3648,2736,horizontal,1.333,0.53,Sim,Canon Canon PowerShot SX540 HS,Nao,2022-08-31,2022,EXIF,Sim,424.9,5.0,Clara,Clara,bloco da mae,"Em Roma, espelho de rua.",proxies/522743417b2c.jpg,C:\casamento-video-media\trabalho\00-ORIGINAL-MAE\wetransfer_fotos_2026-09-10_1110\21-25.JPG,
f0074,21-26.JPG,00-ORIGINAL-MAE/wetransfer_fotos_2026-09-10_1110,0bb7a84f431884eb1af542fcf58a2e24370e0a19e913e43807716f7faeaafc75,3692161,3648,2736,horizontal,1.333,0.53,Sim,Canon Canon PowerShot SX540 HS,Nao,2022-09-01,2022,EXIF,Sim,435.9,5.0,Clara,Clara,bloco da mae,Em Florença,proxies/0bb7a84f4318.jpg,C:\casamento-video-media\trabalho\00-ORIGINAL-MAE\wetransfer_fotos_2026-09-10_1110\21-26.JPG,
f0075,21-28.jpeg,00-ORIGINAL-MAE/wetransfer_fotos_2026-09-10_1110,c51f0b7defb4ddb49167df51cc0dee38e969f6069128201e541c8b73b3286164,2064510,2807,3241,vertical,0.866,0.68,Sim,Apple iPhone 13,Nao,,2023,Tiago (indicativo),Sim,439.4,5.0,Clara,Clara,bloco da mae,Em Londres / Em Nova York,proxies/c51f0b7defb4.jpg,C:\casamento-video-media\trabalho\00-ORIGINAL-MAE\wetransfer_fotos_2026-09-10_1110\21-28.jpeg,ano por determinar
f0076,21-29.jpeg,00-ORIGINAL-MAE/wetransfer_fotos_2026-09-10_1110,cacbd0af7b2452784c91b3f594af543db668454e89eeb30da3c0866a4fbea800,2310497,3958,3024,horizontal,1.309,0.49,Sim,Apple iPhone 13,Nao,,,,Sim,397.9,6.0,Clara,Clara,bloco da mae,Em Taormina,proxies/cacbd0af7b24.jpg,C:\casamento-video-media\trabalho\00-ORIGINAL-MAE\wetransfer_fotos_2026-09-10_1110\21-29.jpeg,ano por determinar
f0077,21-3.jpg,00-ORIGINAL-MAE/wetransfer_fotos_2026-09-10_1110,2635f75398b088942023792ca4127089290b02997b395dcc29d8446e9c4f889c,139973,844,795,horizontal,1.062,2.27,Nao,,Sim,,,,Sim,296.4,7.0,Clara,Clara,bloco da mae,Sem medos... / Sem comentários...,proxies/2635f75398b0.jpg,C:\casamento-video-media\trabalho\00-ORIGINAL-MAE\wetransfer_fotos_2026-09-10_1110\21-3.jpg,upscale forte; ano por determinar
f0078,21-30.JPG,00-ORIGINAL-MAE/wetransfer_fotos_2026-09-10_1110,08864be4e427bd363e82ce71cbbf965be2c678f2edc9d759b7f3fdf82f1992ee,2909859,3648,2736,horizontal,1.333,0.53,Sim,Canon Canon PowerShot SX540 HS,Nao,2019-03-22,2019,EXIF,Sim,386.4,5.0,Clara,Clara,bloco da mae,Em Bruges,proxies/08864be4e427.jpg,C:\casamento-video-media\trabalho\00-ORIGINAL-MAE\wetransfer_fotos_2026-09-10_1110\21-30.JPG,
f0079,21-31.jpg,00-ORIGINAL-MAE/wetransfer_fotos_2026-09-10_1110,70461fd08b71d0b3545746e1aa62f5c0bae80735033d8b7ef559b085c6ed0054,210665,1824,1368,horizontal,1.333,1.05,Nao,,Sim,,2019,Tiago (indicativo),Sim,382.9,5.0,Clara,Clara,bloco da mae,,proxies/70461fd08b71.jpg,C:\casamento-video-media\trabalho\00-ORIGINAL-MAE\wetransfer_fotos_2026-09-10_1110\21-31.jpg,ano por determinar
f0080,21-32.jpg,00-ORIGINAL-MAE/wetransfer_fotos_2026-09-10_1110,665760893fedbc815a262c2c094ec2bf849f435e2794a117f8c1f5bde19a99a1,338437,1125,2000,vertical,0.562,1.71,Nao,,Sim,,2025,Tiago (indicativo),Sim,442.9,5.0,Clara,Clara,bloco da mae,Em Nova York,proxies/665760893fed.jpg,C:\casamento-video-media\trabalho\00-ORIGINAL-MAE\wetransfer_fotos_2026-09-10_1110\21-32.jpg,ano por determinar
f0081,21-38.jpg,00-ORIGINAL-MAE/wetransfer_fotos_2026-09-10_1110,6418341d97e8114b3ce02ff8c34558bef6469c3f0168e3acfa96fb516519600b,2914015,4000,3000,horizontal,1.333,0.48,Sim,Xiaomi Redmi Note 7,Nao,2022-03-27,2022,EXIF,Sim,469.4,5.0,Clara,Clara,bloco da mae,Caminhadas pelo Parque das Serras do Porto,proxies/6418341d97e8.jpg,C:\casamento-video-media\trabalho\00-ORIGINAL-MAE\wetransfer_fotos_2026-09-10_1110\21-38.jpg,
f0082,21-39.jpg,00-ORIGINAL-MAE/wetransfer_fotos_2026-09-10_1110,97043f9cb280f392db4406ffd47c9766587f9e7a7f90c630e390280cb10e320d,3057823,3541,2664,horizontal,1.329,0.54,Sim,samsung SM-J510FN,Nao,,2022,Tiago (indicativo),Sim,472.9,5.0,Clara,Clara,bloco da mae,,proxies/97043f9cb280.jpg,C:\casamento-video-media\trabalho\00-ORIGINAL-MAE\wetransfer_fotos_2026-09-10_1110\21-39.jpg,ano por determinar
f0083,21-4.JPG,00-ORIGINAL-MAE/wetransfer_fotos_2026-09-10_1110,f1ff5331faa85b199ae6f66d8f5e7fd24bed13a5fe66b79899b6233e7c66c61b,7133760,4416,3312,horizontal,1.333,0.43,Sim,Panasonic DMC-FX150,Nao,2011-07-17,2011,EXIF,Sim,301.9,7.0,Clara,Clara,bloco da mae,Sem comentários...,proxies/f1ff5331faa8.jpg,C:\casamento-video-media\trabalho\00-ORIGINAL-MAE\wetransfer_fotos_2026-09-10_1110\21-4.JPG,
f0084,21-40.JPG,00-ORIGINAL-MAE/wetransfer_fotos_2026-09-10_1110,0489e4bb24602fed304d8b715f443a0048179d376c5226f648f9568385a2b018,4349656,3648,2736,horizontal,1.333,0.53,Sim,Canon Canon PowerShot SX540 HS,Nao,2023-05-26,2023,EXIF,Nao,,,,,,,proxies/0489e4bb2460.jpg,C:\casamento-video-media\trabalho\00-ORIGINAL-MAE\wetransfer_fotos_2026-09-10_1110\21-40.JPG,
f0085,21-41.JPG,00-ORIGINAL-MAE/wetransfer_fotos_2026-09-10_1110,3c7fff19f5decd214fd12ea49200771edc400f8684911ac23da45033c453178a,2763880,3648,2736,horizontal,1.333,0.53,Sim,Canon Canon PowerShot SX540 HS,Nao,2023-04-21,2023,EXIF,Sim,476.4,5.0,Clara,Clara,bloco da mae,,proxies/3c7fff19f5de.jpg,C:\casamento-video-media\trabalho\00-ORIGINAL-MAE\wetransfer_fotos_2026-09-10_1110\21-41.JPG,
f0086,21-42.JPG,00-ORIGINAL-MAE/wetransfer_fotos_2026-09-10_1110,f253d802f71b657957c0cb12e11c4505bc32e79e3563069c8adffa5f010624ab,3632863,3648,2736,horizontal,1.333,0.53,Sim,Canon Canon PowerShot SX540 HS,Nao,2023-05-26,2023,EXIF,Sim,479.9,5.0,Clara,Clara,bloco da mae,,proxies/f253d802f71b.jpg,C:\casamento-video-media\trabalho\00-ORIGINAL-MAE\wetransfer_fotos_2026-09-10_1110\21-42.JPG,
f0087,21-43.JPG,00-ORIGINAL-MAE/wetransfer_fotos_2026-09-10_1110,c7c719b564c4d212da91fc8e5346aa6c8bf543cf5533b5ad2c4c13a1499e329a,2777934,3648,2736,horizontal,1.333,0.53,Sim,Canon Canon PowerShot SX540 HS,Nao,2022-11-11,2022,EXIF,Sim,483.4,5.0,Clara,Clara,bloco da mae,,proxies/c7c719b564c4.jpg,C:\casamento-video-media\trabalho\00-ORIGINAL-MAE\wetransfer_fotos_2026-09-10_1110\21-43.JPG,
f0088,21-44.JPG,00-ORIGINAL-MAE/wetransfer_fotos_2026-09-10_1110,10e0e734683a5b078b69db25405c6b912ed0b084c6d286c4a66cf328a83d7d1b,2817332,3132,2736,horizontal,1.145,0.61,Sim,Canon Canon PowerShot SX540 HS,Nao,,2023,Tiago (indicativo),Sim,486.9,5.0,Clara,Clara,bloco da mae,,proxies/10e0e734683a.jpg,C:\casamento-video-media\trabalho\00-ORIGINAL-MAE\wetransfer_fotos_2026-09-10_1110\21-44.JPG,ano por determinar
f0089,21-45-10.jpg,00-ORIGINAL-MAE/wetransfer_fotos_2026-09-10_1110,0e910cf0e0fd8a59f4d4d1d210260ce352047e1e8039fef89498c9f13b22500a,161471,1185,803,horizontal,1.476,1.62,Nao,,Sim,,,,Sim,681.9,7.0,Amigos e colegas,Amigos,bloco da mae,,proxies/0e910cf0e0fd.jpg,C:\casamento-video-media\trabalho\00-ORIGINAL-MAE\wetransfer_fotos_2026-09-10_1110\21-45-10.jpg,ano por determinar
f0090,21-45-11.jpg,00-ORIGINAL-MAE/wetransfer_fotos_2026-09-10_1110,cb79959e66b99944fa8301b1b9fbe9094ddf608da77c296fe025b89896b3ae8e,306839,1188,795,horizontal,1.494,1.62,Nao,,Sim,,,,Sim,687.4,8.0,Amigos e colegas,Amigos,bloco da mae,Farmácia vs Direito vs Bioquímica vs Engenharia,proxies/cb79959e66b9.jpg,C:\casamento-video-media\trabalho\00-ORIGINAL-MAE\wetransfer_fotos_2026-09-10_1110\21-45-11.jpg,ano por determinar
f0091,21-45-16.jpeg,00-ORIGINAL-MAE/wetransfer_fotos_2026-09-10_1110,1998a66cb6381a198e435a92538a05a700f0683f48542a944ed74df8804d945e,342674,2053,889,horizontal,2.309,1.21,Nao,,Sim,,,,Sim,700.4,6.0,Colegas de trabalho (dela),Amigos,bloco da mae,,proxies/1998a66cb638.jpg,C:\casamento-video-media\trabalho\00-ORIGINAL-MAE\wetransfer_fotos_2026-09-10_1110\21-45-16.jpeg,ano por determinar
f0092,21-45-17.jpeg,00-ORIGINAL-MAE/wetransfer_fotos_2026-09-10_1110,53c2480cc11c017bdfcbd6b832b2cac48efd29c39cce444613e0c2b628036877,526534,1151,1687,vertical,0.682,1.67,Nao,,Sim,,2025,Tiago (indicativo),Sim,724.4,7.0,Colegas de trabalho (dela),Amigos,bloco da mae,A verdadeira Claque do FCP,proxies/53c2480cc11c.jpg,C:\casamento-video-media\trabalho\00-ORIGINAL-MAE\wetransfer_fotos_2026-09-10_1110\21-45-17.jpeg,ano por determinar
f0093,21-45-18.jpeg,00-ORIGINAL-MAE/wetransfer_fotos_2026-09-10_1110,cca7b4cf4489530ed783356a2f54552e23558ae60fcc708617b074c3c9a0ff19,735408,1536,2048,vertical,0.75,1.25,Nao,,Sim,,2026,Tiago (indicativo),Sim,729.9,7.0,Colegas de trabalho (dela),Amigos,bloco da mae,A verdadeira Claque do FCP,proxies/cca7b4cf4489.jpg,C:\casamento-video-media\trabalho\00-ORIGINAL-MAE\wetransfer_fotos_2026-09-10_1110\21-45-18.jpeg,ano por determinar
f0094,21-45-19.jpg,00-ORIGINAL-MAE/wetransfer_fotos_2026-09-10_1110,e63ba7dd927415dc776fa7fda4938dfbf10ea54165cc0c6240a1218411b46540,172207,1180,792,horizontal,1.49,1.63,Nao,,Sim,,,,Sim,750.4,5.0,Colegas de trabalho (dela),Amigos,bloco da mae,Com a Inês,proxies/e63ba7dd9274.jpg,C:\casamento-video-media\trabalho\00-ORIGINAL-MAE\wetransfer_fotos_2026-09-10_1110\21-45-19.jpg,ano por determinar
f0095,21-45-2.jpg,00-ORIGINAL-MAE/wetransfer_fotos_2026-09-10_1110,4efc69641f86e72c6aad69535097442973be160679000904b8db400e008a9695,817854,1772,1181,horizontal,1.5,1.08,Nao,,Sim,2025-12-26,,,Sim,604.9,7.0,Familia,Familia,bloco da mae,Com os padrinhos de batismo e de casamento,proxies/4efc69641f86.jpg,C:\casamento-video-media\trabalho\00-ORIGINAL-MAE\wetransfer_fotos_2026-09-10_1110\21-45-2.jpg,"EXIF 2025 e a data da digitalizacao, nao da foto; ano por determinar"
f0096,21-45-3.JPG,00-ORIGINAL-MAE/wetransfer_fotos_2026-09-10_1110,a90541fed89404cdaebe65146d0a831ff8750a9bfd71690d835c7a0e4ae47767,3845632,3648,2736,horizontal,1.333,0.53,Sim,Canon Canon PowerShot SX540 HS,Nao,2024-09-13,2024,EXIF,Sim,627.4,7.0,Familia,Familia,bloco da mae,,proxies/a90541fed894.jpg,C:\casamento-video-media\trabalho\00-ORIGINAL-MAE\wetransfer_fotos_2026-09-10_1110\21-45-3.JPG,
f0097,21-45-4.jpg,00-ORIGINAL-MAE/wetransfer_fotos_2026-09-10_1110,bd6d16579a52ed1f5d3408aae8468644c38ef6758290c80a397a5977b390ae94,431655,1699,902,horizontal,1.884,1.2,Nao,,Sim,,,,Sim,610.4,10.0,Familia,Familia,bloco da mae,Com a família materna,proxies/bd6d16579a52.jpg,C:\casamento-video-media\trabalho\00-ORIGINAL-MAE\wetransfer_fotos_2026-09-10_1110\21-45-4.jpg,ano por determinar
f0098,21-45-5.JPG,00-ORIGINAL-MAE/wetransfer_fotos_2026-09-10_1110,1303ecc9abd42d9a6a8020f5c27f0493864a242e48820336c7a6213fd213ddfd,720719,2111,1380,horizontal,1.53,0.91,Sim,Canon Canon PowerShot SX540 HS,Nao,,,,Sim,618.9,10.0,Familia,Familia,bloco da mae,,proxies/1303ecc9abd4.jpg,C:\casamento-video-media\trabalho\00-ORIGINAL-MAE\wetransfer_fotos_2026-09-10_1110\21-45-5.JPG,ano por determinar
f0099,21-45-6.jpg,00-ORIGINAL-MAE/wetransfer_fotos_2026-09-10_1110,91c9c1ff4df8009d799a3c6fe3e5f8649c42e7a0b6c4d93defcd31f7ad74de4c,2656834,3872,2592,horizontal,1.494,0.5,Sim,NIKON CORPORATION NIKON D60,Nao,2010-06-20,2010,EXIF,Sim,632.9,10.0,Familia,Familia,bloco da mae,Com a família paterna / No casamento do primo Filipe,proxies/91c9c1ff4df8.jpg,C:\casamento-video-media\trabalho\00-ORIGINAL-MAE\wetransfer_fotos_2026-09-10_1110\21-45-6.jpg,
f0100,21-45-8.jpg,00-ORIGINAL-MAE/wetransfer_fotos_2026-09-10_1110,ed26e7231f10b1c241c36f8a6e3ed82b69895e6b6d120e66e03d6ce1453bbbc1,185023,691,571,horizontal,1.21,2.78,Nao,NIKON CORPORATION NIKON Z6_3,Nao,,2018,Tiago (indicativo),Sim,641.4,10.0,Familia,Familia,bloco da mae,No casamento do primo Filipe / No 99.º Aniversário da avó Maria dos Anjos,proxies/ed26e7231f10.jpg,C:\casamento-video-media\trabalho\00-ORIGINAL-MAE\wetransfer_fotos_2026-09-10_1110\21-45-8.jpg,upscale forte; ano por determinar
f0101,21-45-9.jpg,00-ORIGINAL-MAE/wetransfer_fotos_2026-09-10_1110,e1787d39f3e33f26dc88530a35a2d3896c390a49bb93884b77ed7f906c5b8245,2344893,4000,3000,horizontal,1.333,0.48,Sim,samsung SM-A226B,Nao,2026-04-21,2026,EXIF,Sim,649.9,10.0,Familia,Familia,bloco da mae,No 99.º Aniversário da avó Maria dos Anjos,proxies/e1787d39f3e3.jpg,C:\casamento-video-media\trabalho\00-ORIGINAL-MAE\wetransfer_fotos_2026-09-10_1110\21-45-9.jpg,
f0102,21-45.JPG,00-ORIGINAL-MAE/wetransfer_fotos_2026-09-10_1110,aa84b15f99646e0a9392ac4d3de4ed598e62a43dcb6842786dec76fd4317841e,5155035,3648,2736,horizontal,1.333,0.53,Sim,Canon Canon PowerShot SX540 HS,Nao,2024-10-12,2024,EXIF,Sim,490.4,5.0,Clara,Clara,bloco da mae,,proxies/aa84b15f9964.jpg,C:\casamento-video-media\trabalho\00-ORIGINAL-MAE\wetransfer_fotos_2026-09-10_1110\21-45.JPG,
f0103,21-46.jpg,00-ORIGINAL-MAE/wetransfer_fotos_2026-09-10_1110,388d7dee2b663ac15ba5c479b6f266e237b6489bffbba46a2addd9d81a1b27dc,162073,533,720,vertical,0.74,3.6,Nao,,Sim,2013-03-17,1996,Tiago (indicativo),Sim,775.9,7.0,Tiago,Tiago,bloco da mae,Foi o segundo filho,proxies/388d7dee2b66.jpg,C:\casamento-video-media\trabalho\00-ORIGINAL-MAE\wetransfer_fotos_2026-09-10_1110\21-46.jpg,"EXIF 2013 e a data da digitalizacao, nao da foto; upscale forte; ano por determinar"
f0104,21-47.jpg,00-ORIGINAL-MAE/wetransfer_fotos_2026-09-10_1110,48170c0f7b4211f0142a3080b1ab8aff1ba1532ab6bea7a2967e09320177ee7f,174243,785,1181,vertical,0.665,2.45,Nao,,Sim,2007-12-16,1997,Tiago (indicativo),Sim,781.4,7.0,Tiago,Tiago,bloco da mae,E era amoroso,proxies/48170c0f7b42.jpg,C:\casamento-video-media\trabalho\00-ORIGINAL-MAE\wetransfer_fotos_2026-09-10_1110\21-47.jpg,"EXIF 2007 e a data da digitalizacao, nao da foto; upscale forte; ano por determinar"
f0105,21-48.jpg,00-ORIGINAL-MAE/wetransfer_fotos_2026-09-10_1110,88651eeb50ca43151fffbff4b991a9e30db45631bc696b08848613b06feaf71b,151967,698,578,horizontal,1.208,2.75,Nao,HP HP ojj3600,Sim,,1998,Tiago (indicativo),Sim,786.9,7.0,Tiago,Tiago,bloco da mae,"Com a mãe, o mano e as primas.",proxies/88651eeb50ca.jpg,C:\casamento-video-media\trabalho\00-ORIGINAL-MAE\wetransfer_fotos_2026-09-10_1110\21-48.jpg,upscale forte; ano por determinar
f0106,21-49-10.jpg,00-ORIGINAL-MAE/wetransfer_fotos_2026-09-10_1110,39bdeee456e5502382a4a97ddc5cb0a15e3a7320f5fb22d6c0f755b27c2bb96e,131021,613,803,vertical,0.763,3.13,Nao,HP HP ojj3600,Sim,,2007,Tiago (indicativo),Sim,817.9,5.0,Tiago,Tiago,bloco da mae,,proxies/39bdeee456e5.jpg,C:\casamento-video-media\trabalho\00-ORIGINAL-MAE\wetransfer_fotos_2026-09-10_1110\21-49-10.jpg,upscale forte; ano por determinar
f0107,21-49-11.jpg,00-ORIGINAL-MAE/wetransfer_fotos_2026-09-10_1110,a6141aefdb8d116a8543ccdafaebf0f6e1de6ee8932734943556ec1cc4fd5870,278542,1237,805,horizontal,1.537,1.55,Nao,HP HP ojj3600,Sim,2014-03-08,2004,Tiago (indicativo),Sim,807.4,5.0,Tiago,Tiago,bloco da mae,Terceiro aniversário,proxies/a6141aefdb8d.jpg,C:\casamento-video-media\trabalho\00-ORIGINAL-MAE\wetransfer_fotos_2026-09-10_1110\21-49-11.jpg,"EXIF 2014 e a data da digitalizacao, nao da foto; ano por determinar"
f0108,21-49-12.jpg,00-ORIGINAL-MAE/wetransfer_fotos_2026-09-10_1110,6357e6869b767c5edfb8b12c7b769974efe6666355e4641e816a897f2aacedb4,248926,2480,3508,vertical,0.707,0.77,Sim,,Sim,,2008,Tiago (indicativo),Sim,821.4,5.0,Tiago,Tiago,bloco da mae,Adolescência,proxies/6357e6869b76.jpg,C:\casamento-video-media\trabalho\00-ORIGINAL-MAE\wetransfer_fotos_2026-09-10_1110\21-49-12.jpg,ano por determinar
f0109,21-49-13 - Cópia - Cópia.JPG,00-ORIGINAL-MAE/wetransfer_fotos_2026-09-10_1110,bf51a0f134b3e68d5425446030545ebb393e007f977f60ab66175e14baaa90de,962379,3072,2304,horizontal,1.333,0.62,Sim,Hewlett-Packard HP Photosmart M630,Sim,,2009,Tiago (indicativo),Sim,824.9,5.0,Tiago,Tiago,bloco da mae,,proxies/bf51a0f134b3.jpg,C:\casamento-video-media\trabalho\00-ORIGINAL-MAE\wetransfer_fotos_2026-09-10_1110\21-49-13 - Cópia - Cópia.JPG,ano por determinar
f0110,21-49-13 - Cópia.JPG,00-ORIGINAL-MAE/wetransfer_fotos_2026-09-10_1110,bf51a0f134b3e68d5425446030545ebb393e007f977f60ab66175e14baaa90de,962379,3072,2304,horizontal,1.333,0.62,Sim,Hewlett-Packard HP Photosmart M630,Sim,,,,Nao,,,,,,,proxies/bf51a0f134b3.jpg,C:\casamento-video-media\trabalho\00-ORIGINAL-MAE\wetransfer_fotos_2026-09-10_1110\21-49-13 - Cópia.JPG,ano por determinar
f0111,21-49-15.JPG,00-ORIGINAL-MAE/wetransfer_fotos_2026-09-10_1110,458274f814540f382e78f0cce4edc44fcde1ff517610f8da0fc9a7415671735f,197786,706,1091,vertical,0.647,2.72,Nao,Canon Canon DIGITAL IXUS 80 IS,Nao,,2010,Tiago (indicativo),Sim,828.4,5.0,Tiago,Tiago,bloco da mae,Adepto do FCP,proxies/458274f81454.jpg,C:\casamento-video-media\trabalho\00-ORIGINAL-MAE\wetransfer_fotos_2026-09-10_1110\21-49-15.JPG,upscale forte; ano por determinar
f0112,21-49-16.JPG,00-ORIGINAL-MAE/wetransfer_fotos_2026-09-10_1110,f4083f7629db3fa9bf88063a80528a2a984f6f4e811b07df1c4869233db0f6de,1334675,3380,3456,vertical,0.978,0.57,Sim,Canon Canon EOS 600D,Nao,,,,Sim,847.9,7.5,Tiago,Tiago,bloco da mae,É um rapaz ponderado e cedo aprendeu a fazer contas à vida (quis ser Economista)...,proxies/f4083f7629db.jpg,C:\casamento-video-media\trabalho\00-ORIGINAL-MAE\wetransfer_fotos_2026-09-10_1110\21-49-16.JPG,ano por determinar
f0113,21-49-18.JPG,00-ORIGINAL-MAE/wetransfer_fotos_2026-09-10_1110,eb89fa1c995d1b8eb901dd0d85a4d6b8d5145cc1b1f3eecf9b8303725f088ae0,377480,1028,1832,vertical,0.561,1.87,Nao,Canon Canon DIGITAL IXUS 80 IS,Nao,,2011,Tiago (indicativo),Sim,831.9,5.0,Tiago,Tiago,bloco da mae,Apreciador de música,proxies/eb89fa1c995d.jpg,C:\casamento-video-media\trabalho\00-ORIGINAL-MAE\wetransfer_fotos_2026-09-10_1110\21-49-18.JPG,ano por determinar
f0114,21-49-19.JPG,00-ORIGINAL-MAE/wetransfer_fotos_2026-09-10_1110,2ecdb9f747356c9b25addd6019f1004ac7218ed86932755a79504faec14dc5ac,889321,3264,1832,horizontal,1.782,0.59,Sim,Canon Canon DIGITAL IXUS 80 IS,Nao,2012-03-04,2012,EXIF,Sim,853.9,6.0,Tiago,Tiago,bloco da mae,Mas é o primeiro a alinhar nas brincadeiras,proxies/2ecdb9f74735.jpg,C:\casamento-video-media\trabalho\00-ORIGINAL-MAE\wetransfer_fotos_2026-09-10_1110\21-49-19.JPG,
f0115,21-49-2.jpg,00-ORIGINAL-MAE/wetransfer_fotos_2026-09-10_1110,13f2ad31e80414df0802de2deccc6c25231a187a64f39087a2f4bf7c7522b5df,115336,638,826,vertical,0.772,3.01,Nao,HP HP ojj3600,Sim,,2000,Tiago (indicativo),Sim,795.9,5.0,Tiago,Tiago,bloco da mae,Com a avó Orquídia,proxies/13f2ad31e804.jpg,C:\casamento-video-media\trabalho\00-ORIGINAL-MAE\wetransfer_fotos_2026-09-10_1110\21-49-2.jpg,upscale forte; ano por determinar
f0116,21-49-20.JPG,00-ORIGINAL-MAE/wetransfer_fotos_2026-09-10_1110,aa9131e43c3478ac8642302a679890b75de292bd728a6201ea55d5691302f3fd,6308446,5184,3456,horizontal,1.5,0.37,Sim,Canon Canon EOS 600D,Nao,2012-09-04,2012,EXIF,Sim,838.9,7.0,Tiago,Tiago,bloco da mae,De café... (No Majestic),proxies/aa9131e43c34.jpg,C:\casamento-video-media\trabalho\00-ORIGINAL-MAE\wetransfer_fotos_2026-09-10_1110\21-49-20.JPG,
f0117,21-49-21.JPG,00-ORIGINAL-MAE/wetransfer_fotos_2026-09-10_1110,b627a7c922577ab7f0a09834508cfb80a13f76b08c16da18b3fbe472676a0984,5595478,5184,3456,horizontal,1.5,0.37,Sim,Canon Canon EOS 600D,Nao,2012-08-04,2012,EXIF,Sim,835.4,5.0,Tiago,Tiago,bloco da mae,,proxies/b627a7c92257.jpg,C:\casamento-video-media\trabalho\00-ORIGINAL-MAE\wetransfer_fotos_2026-09-10_1110\21-49-21.JPG,
f0118,21-49-22.JPG,00-ORIGINAL-MAE/wetransfer_fotos_2026-09-10_1110,277fee31b032a960dc451eebcd9545c1741c7ff8fd612482e55f6d79cf18acae,864785,3264,1832,horizontal,1.782,0.59,Sim,Canon Canon DIGITAL IXUS 80 IS,Nao,2012-05-08,2012,EXIF,Sim,883.9,6.0,Tiago,Tiago,bloco da mae,Com o irmão na praxe do... pai.,proxies/277fee31b032.jpg,C:\casamento-video-media\trabalho\00-ORIGINAL-MAE\wetransfer_fotos_2026-09-10_1110\21-49-22.JPG,
f0119,21-49-23.JPG,00-ORIGINAL-MAE/wetransfer_fotos_2026-09-10_1110,cb63a0b7d452adb0a2a19d4cfa75c8e0c6feb6ba94c48d53f4a6b05137d10af8,730430,3264,1832,horizontal,1.782,0.59,Sim,Canon Canon DIGITAL IXUS 80 IS,Nao,2012-05-08,2012,EXIF,Sim,888.4,6.0,Tiago,Tiago,bloco da mae,Desejando boa sorte ao pai Finalista,proxies/cb63a0b7d452.jpg,C:\casamento-video-media\trabalho\00-ORIGINAL-MAE\wetransfer_fotos_2026-09-10_1110\21-49-23.JPG,
f0120,21-49-24.JPG,00-ORIGINAL-MAE/wetransfer_fotos_2026-09-10_1110,8ae3dfd14236b6fd09439a533263009445d4b6e3d3c53471891ce5da95e938e8,692488,3264,1832,horizontal,1.782,0.59,Sim,Canon Canon DIGITAL IXUS 80 IS,Nao,2012-05-08,2012,EXIF,Sim,892.9,5.0,Tiago,Tiago,bloco da mae,Numa noite de chuva,proxies/8ae3dfd14236.jpg,C:\casamento-video-media\trabalho\00-ORIGINAL-MAE\wetransfer_fotos_2026-09-10_1110\21-49-24.JPG,
f0121,21-49-26.JPG,00-ORIGINAL-MAE/wetransfer_fotos_2026-09-10_1110,1cd7d3dc769901d25acd0a8d8ac747b471b0165192c2a25936587f58d9cd96fc,6502029,5184,3456,horizontal,1.5,0.37,Sim,Canon Canon EOS 600D,Nao,2012-08-21,2012,EXIF,Sim,896.4,7.0,Tiago,Tiago,bloco da mae,Com a família paterna,proxies/1cd7d3dc7699.jpg,C:\casamento-video-media\trabalho\00-ORIGINAL-MAE\wetransfer_fotos_2026-09-10_1110\21-49-26.JPG,
f0122,21-49-27.JPG,00-ORIGINAL-MAE/wetransfer_fotos_2026-09-10_1110,df422ecb0c0e7cd7b24b3e34052837d95b9db463d77ea48bb8fa9bfef7ba4e16,6996070,5184,3456,horizontal,1.5,0.37,Sim,Canon Canon EOS 600D,Nao,2015-03-25,2015,EXIF,Sim,901.9,5.0,Tiago,Tiago,bloco da mae,,proxies/df422ecb0c0e.jpg,C:\casamento-video-media\trabalho\00-ORIGINAL-MAE\wetransfer_fotos_2026-09-10_1110\21-49-27.JPG,
f0123,21-49-28.JPG,00-ORIGINAL-MAE/wetransfer_fotos_2026-09-10_1110,07ee0317af972544440ebed465762f15458186ebce3efdfe4eae45301dddcb5a,6813916,5184,3456,horizontal,1.5,0.37,Sim,Canon Canon EOS 600D,Nao,2012-08-03,2012,EXIF,Sim,905.4,5.0,Tiago,Tiago,bloco da mae,Com o Marco,proxies/07ee0317af97.jpg,C:\casamento-video-media\trabalho\00-ORIGINAL-MAE\wetransfer_fotos_2026-09-10_1110\21-49-28.JPG,
f0124,21-49-29.JPG,00-ORIGINAL-MAE/wetransfer_fotos_2026-09-10_1110,6889e88e9e26a23553946fb4cbf280a84f2a294ca392321c73a7ed3888cdf4f9,4452056,5184,3456,horizontal,1.5,0.37,Sim,Canon Canon EOS 600D,Nao,2012-09-12,2012,EXIF,Sim,959.9,5.0,Tiago,Tiago,bloco da mae,Pilotando um helicóptero,proxies/6889e88e9e26.jpg,C:\casamento-video-media\trabalho\00-ORIGINAL-MAE\wetransfer_fotos_2026-09-10_1110\21-49-29.JPG,
f0125,21-49-3.jpg,00-ORIGINAL-MAE/wetransfer_fotos_2026-09-10_1110,1058b297e0de74a516eb5832fbb062971dbd0fe3e78bfaff3a7d280e024bf7ab,314870,1192,747,horizontal,1.596,1.61,Nao,HP HP ojj3600,Sim,,2001,Tiago (indicativo),Sim,799.4,6.0,Tiago,Tiago,bloco da mae,Primeiro aniversário. O pai faz anos no mesmo dia.,proxies/1058b297e0de.jpg,C:\casamento-video-media\trabalho\00-ORIGINAL-MAE\wetransfer_fotos_2026-09-10_1110\21-49-3.jpg,ano por determinar
f0126,21-49-30.JPG,00-ORIGINAL-MAE/wetransfer_fotos_2026-09-10_1110,9ac824729440e5826ac10d3c0372a2db9184abc4b6c917ece1807ea8f6171e6f,3579981,2248,4000,vertical,0.562,0.85,Sim,SONY DSC-W210,Nao,2013-08-20,2013,EXIF,Sim,861.9,6.0,Tiago,Tiago,bloco da mae,Explicando que o 1.º rei de Portugal não era Afonso...,proxies/9ac824729440.jpg,C:\casamento-video-media\trabalho\00-ORIGINAL-MAE\wetransfer_fotos_2026-09-10_1110\21-49-30.JPG,
f0127,21-49-31.JPG,00-ORIGINAL-MAE/wetransfer_fotos_2026-09-10_1110,cf7851c66ab8413ce0909c87558351ce8fb75700d00617aacb7b70c6ee9b1f9b,3678670,4000,2248,horizontal,1.779,0.48,Sim,SONY DSC-W210,Nao,2013-09-13,2013,EXIF,Sim,866.4,6.0,Tiago,Tiago,bloco da mae,Vendo o mundo de pernas p'ró ar,proxies/cf7851c66ab8.jpg,C:\casamento-video-media\trabalho\00-ORIGINAL-MAE\wetransfer_fotos_2026-09-10_1110\21-49-31.JPG,
f0128,21-49-32.JPG,00-ORIGINAL-MAE/wetransfer_fotos_2026-09-10_1110,41d7480066ddbcecfc4bebed3c504760c8cdb35a287627aae8dd49c2b81e4434,2430335,4000,2248,horizontal,1.779,0.48,Sim,SONY DSC-W210,Nao,,2013,Tiago (indicativo),Sim,870.9,5.0,Tiago,Tiago,bloco da mae,,proxies/41d7480066dd.jpg,C:\casamento-video-media\trabalho\00-ORIGINAL-MAE\wetransfer_fotos_2026-09-10_1110\21-49-32.JPG,ano por determinar
f0129,21-49-33.JPG,00-ORIGINAL-MAE/wetransfer_fotos_2026-09-10_1110,8b6edad65fe6c4ba66434e326a6074659020bc2d5bd676dcc0c69f715bd7d826,249189,1024,768,horizontal,1.333,1.88,Nao,NIKON COOLPIX L120,Nao,2013-08-12,2013,EXIF,Sim,880.4,5.0,Tiago,Tiago,bloco da mae,,proxies/8b6edad65fe6.jpg,C:\casamento-video-media\trabalho\00-ORIGINAL-MAE\wetransfer_fotos_2026-09-10_1110\21-49-33.JPG,
f0130,21-49-34.JPG,00-ORIGINAL-MAE/wetransfer_fotos_2026-09-10_1110,f3b557c28ef607934b64f8984c9e0229b2e803e1e7206c50e95c538e852e6cb8,5390040,2848,4288,vertical,0.664,0.67,Sim,NIKON CORPORATION NIKON D2X,Nao,2014-10-16,2014,EXIF,Sim,908.9,5.0,Tiago,Tiago,bloco da mae,No casamento da mãe,proxies/f3b557c28ef6.jpg,C:\casamento-video-media\trabalho\00-ORIGINAL-MAE\wetransfer_fotos_2026-09-10_1110\21-49-34.JPG,
f0131,21-49-36.JPG,00-ORIGINAL-MAE/wetransfer_fotos_2026-09-10_1110,e72a89ef3ac4de7b097f7d474238c1cfc5a9034a625eb9c5482854dc30546418,7666173,3456,5184,vertical,0.667,0.56,Sim,Canon Canon EOS 600D,Nao,2016-12-30,2016,EXIF,Sim,912.4,5.0,Tiago,Tiago,bloco da mae,"Com a primeira sobrinha, Matilde.",proxies/e72a89ef3ac4.jpg,C:\casamento-video-media\trabalho\00-ORIGINAL-MAE\wetransfer_fotos_2026-09-10_1110\21-49-36.JPG,
f0132,21-49-38.JPG,00-ORIGINAL-MAE/wetransfer_fotos_2026-09-10_1110,441f9cd96434f3debf275e68a4e9948007643b7f82280009696276b1ba52887a,901128,1080,1920,vertical,0.562,1.78,Nao,SONY DSC-W210,Nao,2013-07-26,2013,EXIF,Sim,874.4,5.0,Tiago,Tiago,bloco da mae,,proxies/441f9cd96434.jpg,C:\casamento-video-media\trabalho\00-ORIGINAL-MAE\wetransfer_fotos_2026-09-10_1110\21-49-38.JPG,
f0133,21-49-39.JPG,00-ORIGINAL-MAE/wetransfer_fotos_2026-09-10_1110,ca3fddae58edee63723baab8006a060abbf3a3d859817ff1929dc7127b396862,1132383,3659,3456,horizontal,1.059,0.52,Sim,Canon Canon EOS 600D,Nao,,2014,Tiago (indicativo),Sim,963.4,5.0,Tiago,Tiago,bloco da mae,Pilotando um trenó,proxies/ca3fddae58ed.jpg,C:\casamento-video-media\trabalho\00-ORIGINAL-MAE\wetransfer_fotos_2026-09-10_1110\21-49-39.JPG,ano por determinar
f0134,21-49-4.jpg,00-ORIGINAL-MAE/wetransfer_fotos_2026-09-10_1110,1fc7b56eda82478012779361681de43109e44faf1acfc55a5dc0bb521f33bf13,86205,612,554,horizontal,1.105,3.14,Nao,HP HP ojj3600,Sim,,2002,Tiago (indicativo),Sim,803.9,5.0,Tiago,Tiago,bloco da mae,Segundo aniversário,proxies/1fc7b56eda82.jpg,C:\casamento-video-media\trabalho\00-ORIGINAL-MAE\wetransfer_fotos_2026-09-10_1110\21-49-4.jpg,upscale forte; ano por determinar
f0135,21-49-40.JPG,00-ORIGINAL-MAE/wetransfer_fotos_2026-09-10_1110,9b9d12c1d7b81ecc91140c31c95c28f132de5565470c21c0a92fbe985bfde553,6418231,5184,3456,horizontal,1.5,0.37,Sim,Canon Canon EOS 600D,Nao,2014-06-27,2014,EXIF,Sim,919.4,5.0,Tiago,Tiago,bloco da mae,Ensaiando uma coreografia com o irmão,proxies/9b9d12c1d7b8.jpg,C:\casamento-video-media\trabalho\00-ORIGINAL-MAE\wetransfer_fotos_2026-09-10_1110\21-49-40.JPG,
f0136,21-49-41.JPG,00-ORIGINAL-MAE/wetransfer_fotos_2026-09-10_1110,0d67e5739297e419ad8382d0c14120a87d8667c06fcb138bafb4a5a5fbd07b18,6523046,5184,3456,horizontal,1.5,0.37,Sim,Canon Canon EOS 600D,Nao,2014-06-27,2014,EXIF,Sim,922.9,5.0,Tiago,Tiago,bloco da mae,,proxies/0d67e5739297.jpg,C:\casamento-video-media\trabalho\00-ORIGINAL-MAE\wetransfer_fotos_2026-09-10_1110\21-49-41.JPG,
f0137,21-49-42.JPG,00-ORIGINAL-MAE/wetransfer_fotos_2026-09-10_1110,56bef28070f0d9b6607b6a5690ae1a263669415e4aea17a510cf56b1a995e60e,6722604,5184,3456,horizontal,1.5,0.37,Sim,Canon Canon EOS 600D,Nao,2014-06-27,2014,EXIF,Sim,926.4,5.0,Tiago,Tiago,bloco da mae,,proxies/56bef28070f0.jpg,C:\casamento-video-media\trabalho\00-ORIGINAL-MAE\wetransfer_fotos_2026-09-10_1110\21-49-42.JPG,
f0138,21-49-43.JPG,00-ORIGINAL-MAE/wetransfer_fotos_2026-09-10_1110,766d98c0a9d52813f5ce2913154180400b569a248facdc320915331a50951d0c,7467980,5184,3456,horizontal,1.5,0.37,Sim,Canon Canon EOS 600D,Nao,2015-03-25,2015,EXIF,Sim,929.9,5.0,Tiago,Tiago,bloco da mae,Na Assembleia da República,proxies/766d98c0a9d5.jpg,C:\casamento-video-media\trabalho\00-ORIGINAL-MAE\wetransfer_fotos_2026-09-10_1110\21-49-43.JPG,
f0139,21-49-44.JPG,00-ORIGINAL-MAE/wetransfer_fotos_2026-09-10_1110,a33a1682ed4ab49b3fb478f75fcb53364e8a4bb76a4ec30bc773d79e01eb4860,2342769,5184,3456,horizontal,1.5,0.37,Sim,Canon Canon EOS 600D,Nao,2020-07-13,2020,EXIF,Sim,952.9,5.0,Tiago,Tiago,bloco da mae,Look à Top Gun,proxies/a33a1682ed4a.jpg,C:\casamento-video-media\trabalho\00-ORIGINAL-MAE\wetransfer_fotos_2026-09-10_1110\21-49-44.JPG,
f0140,21-49-45.jpeg,00-ORIGINAL-MAE/wetransfer_fotos_2026-09-10_1110,aa575106a5349b9c780e975d9ff5e66c0422f64dc95ed7af6fe44d2d65bdcd4c,171419,830,1600,vertical,0.519,2.31,Nao,,Sim,,2022,Tiago (indicativo),Sim,936.9,5.0,Tiago,Tiago,bloco da mae,O maratonista,proxies/aa575106a534.jpg,C:\casamento-video-media\trabalho\00-ORIGINAL-MAE\wetransfer_fotos_2026-09-10_1110\21-49-45.jpeg,upscale forte; ano por determinar
f0141,21-49-46.jpg,00-ORIGINAL-MAE/wetransfer_fotos_2026-09-10_1110,762a8cf0d4dd6a3b90f70c4a7c28e32cd7b6cc94d11a6401a86614754f1bef62,3104660,5312,2988,horizontal,1.778,0.36,Sim,samsung SM-G900F,Nao,2017-07-31,2017,EXIF,Sim,944.9,6.0,Tiago,Tiago,bloco da mae,O canoísta,proxies/762a8cf0d4dd.jpg,C:\casamento-video-media\trabalho\00-ORIGINAL-MAE\wetransfer_fotos_2026-09-10_1110\21-49-46.jpg,
f0142,21-49-47.jpeg,00-ORIGINAL-MAE/wetransfer_fotos_2026-09-10_1110,56061fd5da439201b1159ed6ebe4256f6193b0421d8c972c7a6352c0e5a7878a,3447367,3024,4032,vertical,0.75,0.63,Sim,Apple iPhone 13,Nao,2025-11-30,2025,EXIF,Sim,949.4,5.0,Tiago,Tiago,bloco da mae,O pacifista,proxies/56061fd5da43.jpg,C:\casamento-video-media\trabalho\00-ORIGINAL-MAE\wetransfer_fotos_2026-09-10_1110\21-49-47.jpeg,
f0143,21-49-51.jpg,00-ORIGINAL-MAE/wetransfer_fotos_2026-09-10_1110,2dad790726357748293c11bdf9fc83be6d395bb7d7e32be45f131947d82be7ea,1020682,1204,2089,vertical,0.576,1.59,Nao,ASUS X013D,Nao,,,,Sim,956.4,5.0,Tiago,Tiago,bloco da mae,,proxies/2dad79072635.jpg,C:\casamento-video-media\trabalho\00-ORIGINAL-MAE\wetransfer_fotos_2026-09-10_1110\21-49-51.jpg,ano por determinar
f0144,21-49-52.JPG,00-ORIGINAL-MAE/wetransfer_fotos_2026-09-10_1110,48033e7b36d8be4edb8675f1ff57adabd87707c61055fa0c61582bbc7aad08b2,6313009,4320,3240,horizontal,1.333,0.44,Sim,NIKON COOLPIX L120,Nao,2016-05-03,2016,EXIF,Sim,1046.9,7.0,Colegas de trabalho (dele),Amigos,bloco da mae,Com a mãe no cortejo da Queima das Fitas,proxies/48033e7b36d8.jpg,C:\casamento-video-media\trabalho\00-ORIGINAL-MAE\wetransfer_fotos_2026-09-10_1110\21-49-52.JPG,
f0145,21-49-53.jpg,00-ORIGINAL-MAE/wetransfer_fotos_2026-09-10_1110,3323364e34a8a09cb34b248cd3af6ddcdff7fcef2fbdbfe924cae93b2b4225b0,457796,1920,1440,horizontal,1.333,1.0,Sim,,Sim,,2016,Tiago (indicativo),Sim,1052.4,5.0,Colegas de trabalho (dele),Amigos,bloco da mae,Com a mãe e com a avó,proxies/3323364e34a8.jpg,C:\casamento-video-media\trabalho\00-ORIGINAL-MAE\wetransfer_fotos_2026-09-10_1110\21-49-53.jpg,ano por determinar
f0146,21-49-54.jpg,00-ORIGINAL-MAE/wetransfer_fotos_2026-09-10_1110,d42fb13c39aae0f7341be9d03967b580c6b834c16e3508df97992e528c45dc59,452658,1920,1440,horizontal,1.333,1.0,Sim,,Sim,,,,Sim,1060.4,5.0,Colegas de trabalho (dele),Amigos,bloco da mae,E com a Sky,proxies/d42fb13c39aa.jpg,C:\casamento-video-media\trabalho\00-ORIGINAL-MAE\wetransfer_fotos_2026-09-10_1110\21-49-54.jpg,ano por determinar
f0147,21-49-55.jpg,00-ORIGINAL-MAE/wetransfer_fotos_2026-09-10_1110,896b917f0d4c78eef8dd634fd2c7a26f425f0330bc91c92042603bacbce2f7f1,578926,1920,1440,horizontal,1.333,1.0,Sim,,Sim,,,,Sim,1063.9,5.0,Colegas de trabalho (dele),Amigos,bloco da mae,,proxies/896b917f0d4c.jpg,C:\casamento-video-media\trabalho\00-ORIGINAL-MAE\wetransfer_fotos_2026-09-10_1110\21-49-55.jpg,ano por determinar
f0148,21-49-56.jpg,00-ORIGINAL-MAE/wetransfer_fotos_2026-09-10_1110,adb94d6d55ca97842b7bf4daaa9d88ea6c917155fc0451e8522ee29085be0195,246451,2592,1944,horizontal,1.333,0.74,Sim,Vodafone Vodafone Smart ultra 6,Nao,2016-07-27,2016,EXIF,Sim,1055.9,6.0,Colegas de trabalho (dele),Amigos,bloco da mae,,proxies/adb94d6d55ca.jpg,C:\casamento-video-media\trabalho\00-ORIGINAL-MAE\wetransfer_fotos_2026-09-10_1110\21-49-56.jpg,
f0149,21-49-57.jpg,00-ORIGINAL-MAE/wetransfer_fotos_2026-09-10_1110,366f726d830dd8d9fc4f20358fb21b39bca52f1e4cbb7b10d3ffd68d4a1e2d7d,479262,1920,1440,horizontal,1.333,1.0,Sim,,Sim,,,,Sim,1067.4,4.0,Colegas de trabalho (dele),Amigos,bloco da mae,,proxies/366f726d830d.jpg,C:\casamento-video-media\trabalho\00-ORIGINAL-MAE\wetransfer_fotos_2026-09-10_1110\21-49-57.jpg,ano por determinar
f0150,21-49-58.JPG,00-ORIGINAL-MAE/wetransfer_fotos_2026-09-10_1110,48ba34b4149468960c6f2944f9aa8d765dd16f4725d06f385c1fb43a6ae6b6e5,3249852,2248,4000,vertical,0.562,0.85,Sim,SONY DSC-W210,Nao,2013-07-26,2013,EXIF,Sim,1112.4,7.0,O encontro,Ambos,bloco da mae,L'amour,proxies/48ba34b41494.jpg,C:\casamento-video-media\trabalho\00-ORIGINAL-MAE\wetransfer_fotos_2026-09-10_1110\21-49-58.JPG,
f0151,21-49-6.jpg,00-ORIGINAL-MAE/wetransfer_fotos_2026-09-10_1110,a77f940c0c16bb56764391676fab54e6782ecfbab725b4360ef52ffa425bd375,271889,1208,795,horizontal,1.519,1.59,Nao,HP HP ojj3600,Sim,,2005,Tiago (indicativo),Sim,810.9,5.0,Tiago,Tiago,bloco da mae,Em Portugal dos Pequeninos,proxies/a77f940c0c16.jpg,C:\casamento-video-media\trabalho\00-ORIGINAL-MAE\wetransfer_fotos_2026-09-10_1110\21-49-6.jpg,ano por determinar
f0152,21-49-8.jpg,00-ORIGINAL-MAE/wetransfer_fotos_2026-09-10_1110,9a2117fafecb72e8295f499809729b89292eac64e71d8c787b1e2111f5391a7b,174801,766,805,vertical,0.952,2.51,Nao,HP HP ojj3600,Sim,,2006,Tiago (indicativo),Sim,814.4,5.0,Tiago,Tiago,bloco da mae,,proxies/9a2117fafecb.jpg,C:\casamento-video-media\trabalho\00-ORIGINAL-MAE\wetransfer_fotos_2026-09-10_1110\21-49-8.jpg,upscale forte; ano por determinar
f0153,21-49.jpg,00-ORIGINAL-MAE/wetransfer_fotos_2026-09-10_1110,9e769faadcac31db0e9dd528ad18f9f6f83ca428ed94321e39f96041ebdfe778,256666,1248,818,horizontal,1.526,1.54,Nao,HP HP ojj3600,Sim,2014-03-08,1999,Tiago (indicativo),Sim,792.4,5.0,Tiago,Tiago,bloco da mae,E com o pai,proxies/9e769faadcac.jpg,C:\casamento-video-media\trabalho\00-ORIGINAL-MAE\wetransfer_fotos_2026-09-10_1110\21-49.jpg,"EXIF 2014 e a data da digitalizacao, nao da foto; ano por determinar"
f0154,21-5.JPG,00-ORIGINAL-MAE/wetransfer_fotos_2026-09-10_1110,6f29ac1daf8eef917dffeca7112b4795a361be96c81b234b30f046ec60358c7d,1649213,3470,3240,horizontal,1.071,0.55,Sim,"SAMSUNG SAMSUNG PL20,PL21 / VLUU PL20,PL21",Nao,,2013,Tiago (indicativo),Sim,312.4,10.5,Clara,Clara,bloco da mae,"Mas nem tudo é diversão. Estudando na véspera do exame de Físico- -Química, na festa da Comunhão da Irene...",proxies/6f29ac1daf8e.jpg,C:\casamento-video-media\trabalho\00-ORIGINAL-MAE\wetransfer_fotos_2026-09-10_1110\21-5.JPG,ano por determinar
f0155,21-50.JPG,00-ORIGINAL-MAE/wetransfer_fotos_2026-09-10_1110,91b7fedf98d32f4bd52a3b9abef489921d09135c50b3dc639709240ec65bfc0a,4552383,4320,3240,horizontal,1.333,0.44,Sim,SONY DSC-W320,Nao,2011-04-04,2011,EXIF,Sim,1081.4,7.0,O encontro,Ambos,bloco da mae,"Na Escola Secundária, com 16 anos.",proxies/91b7fedf98d3.jpg,C:\casamento-video-media\trabalho\00-ORIGINAL-MAE\wetransfer_fotos_2026-09-10_1110\21-50.JPG,
f0156,21-51.JPG,00-ORIGINAL-MAE/wetransfer_fotos_2026-09-10_1110,52bd5df11db5a1cfba343b80e2bb1919e0ce6da94ada1daf201b19203f01643a,1436788,3270,3000,horizontal,1.09,0.59,Sim,"CASIO COMPUTER CO.,LTD. EX-Z25",Nao,,,,Sim,1090.4,7.0,O encontro,Ambos,bloco da mae,Na aula de Biologia,proxies/52bd5df11db5.jpg,C:\casamento-video-media\trabalho\00-ORIGINAL-MAE\wetransfer_fotos_2026-09-10_1110\21-51.JPG,ano por determinar
f0157,21-52.JPG,00-ORIGINAL-MAE/wetransfer_fotos_2026-09-10_1110,6205934b2d248e98abbb21018f84af9a194515fc16d5f9a7091a48bbd61382ff,992161,2206,2763,vertical,0.798,0.87,Sim,NIKON CORPORATION NIKON D3100,Nao,,,,Sim,1095.9,7.0,O encontro,Ambos,bloco da mae,Festa dos 17 anos da Clara,proxies/6205934b2d24.jpg,C:\casamento-video-media\trabalho\00-ORIGINAL-MAE\wetransfer_fotos_2026-09-10_1110\21-52.JPG,ano por determinar
f0158,21-53.JPG,00-ORIGINAL-MAE/wetransfer_fotos_2026-09-10_1110,e561366735ec56217659d06dd6afa811c6c3db4b3c4c25a5c8bc93f45d9d78a1,4661013,4000,3000,horizontal,1.333,0.48,Sim,SONY DSC-W210,Nao,2011-11-26,2011,EXIF,Sim,1101.4,7.0,O encontro,Ambos,bloco da mae,,proxies/e561366735ec.jpg,C:\casamento-video-media\trabalho\00-ORIGINAL-MAE\wetransfer_fotos_2026-09-10_1110\21-53.JPG,
f0159,21-6.jpg,00-ORIGINAL-MAE/wetransfer_fotos_2026-09-10_1110,d2a64ef1cf9d2202ac2f184ca66b88a5150fe0e2593f51ab561b2c537a15fd05,516737,1184,1423,vertical,0.832,1.62,Nao,,Sim,,2017,Tiago (indicativo),Sim,321.4,7.0,Clara,Clara,bloco da mae,"Praxe. A alcunha de Caloira era ""Rapunzel Sabichónis"".",proxies/d2a64ef1cf9d.jpg,C:\casamento-video-media\trabalho\00-ORIGINAL-MAE\wetransfer_fotos_2026-09-10_1110\21-6.jpg,ano por determinar
f0160,21-60.jpg,00-ORIGINAL-MAE/wetransfer_fotos_2026-09-10_1110,ea540287909cacf2fde7bd5f09c221a3d31cb34a46e0394d25345404ce222a08,122873,642,715,vertical,0.898,2.99,Nao,,Sim,,2015,legenda (idade),Sim,1106.9,7.0,O encontro,Ambos,bloco da mae,Com 20 anos,proxies/ea540287909c.jpg,C:\casamento-video-media\trabalho\00-ORIGINAL-MAE\wetransfer_fotos_2026-09-10_1110\21-60.jpg,upscale forte
f0161,21-7.JPG,00-ORIGINAL-MAE/wetransfer_fotos_2026-09-10_1110,752a78e509998ae16514c12ef239c302a082369dc9ce20631876b6b8ed0dca0a,2185180,3072,2304,horizontal,1.333,0.62,Sim,Hewlett-Packard HP Photosmart M630,Sim,,2017,legenda (ano escrito),Sim,326.9,7.0,Clara,Clara,bloco da mae,Cortejo da Queima das Fitas 2017. Onde está a Wally?,proxies/752a78e50999.jpg,C:\casamento-video-media\trabalho\00-ORIGINAL-MAE\wetransfer_fotos_2026-09-10_1110\21-7.JPG,
f0162,21-8.jpg,00-ORIGINAL-MAE/wetransfer_fotos_2026-09-10_1110,448358f95202b0d91ea99f919765efe0581dea728010b3879e0efea2b2ffdc92,216706,1600,1200,horizontal,1.333,1.2,Nao,,Sim,,,,Nao,,,,,,,proxies/448358f95202.jpg,C:\casamento-video-media\trabalho\00-ORIGINAL-MAE\wetransfer_fotos_2026-09-10_1110\21-8.jpg,ano por determinar
f0163,21-9.JPG,00-ORIGINAL-MAE/wetransfer_fotos_2026-09-10_1110,f7e9c3d0824fca083485562ad4feba115aa17f368a67570d0014a8be75ca1b2a,10201923,6016,4000,horizontal,1.504,0.32,Sim,NIKON CORPORATION NIKON D3200,Nao,2018-04-21,2018,EXIF,Sim,333.9,9.0,Clara,Clara,bloco da mae,Em 2018 foi eleita para representar a Faculdade na competição Moot Court Direito da Concorrência,proxies/f7e9c3d0824f.jpg,C:\casamento-video-media\trabalho\00-ORIGINAL-MAE\wetransfer_fotos_2026-09-10_1110\21-9.JPG,
f0164,22-2.JPG,00-ORIGINAL-MAE/wetransfer_fotos_2026-09-10_1110,db2835bf2cece805397a05ed10978067e80c537a0e2699bbaf50b4b86ca08e7e,3615043,4000,2248,horizontal,1.779,0.48,Sim,SONY DSC-W210,Nao,2013-09-13,2013,EXIF,Sim,1117.9,5.0,O encontro,Ambos,bloco da mae,E le glamour,proxies/db2835bf2cec.jpg,C:\casamento-video-media\trabalho\00-ORIGINAL-MAE\wetransfer_fotos_2026-09-10_1110\22-2.JPG,
f0165,22-5.JPG,00-ORIGINAL-MAE/wetransfer_fotos_2026-09-10_1110,f4a85d7ce7bb224782f8b2eb70965a4f88af47e0b7d9f5f9650d0473b5194998,713047,2048,1536,horizontal,1.333,0.94,Sim,SONY DSC-W210,Nao,2012-08-20,2012,EXIF,Sim,1121.4,5.0,O encontro,Ambos,bloco da mae,,proxies/f4a85d7ce7bb.jpg,C:\casamento-video-media\trabalho\00-ORIGINAL-MAE\wetransfer_fotos_2026-09-10_1110\22-5.JPG,
f0166,30Abril18_125.jpg,00-ORIGINAL-MAE/wetransfer_fotos_2026-09-10_1110,186767f1dc10183ddd59ad18642cfbe615132da152c90cd1ffeab8c471cec7c7,4097671,2667,4000,vertical,0.667,0.72,Sim,NIKON CORPORATION NIKON D800,Nao,2018-05-02,2018,EXIF,Sim,1222.9,6.0,O encontro,Ambos,bloco da mae,No Baile de Finalistas,proxies/186767f1dc10.jpg,C:\casamento-video-media\trabalho\00-ORIGINAL-MAE\wetransfer_fotos_2026-09-10_1110\30Abril18_125.jpg,
f0167,448_ML_FestaNatal2024.jpg,00-ORIGINAL-MAE/wetransfer_fotos_2026-09-10_1110,9c724b40b16d897016238ebbacffe813cd524f4856185d0e0baf80c1cfac2eac,5226509,5258,3500,horizontal,1.502,0.37,Sim,,Nao,,,,Sim,753.9,5.0,Colegas de trabalho (dela),Amigos,bloco da mae,Com a Francisca,proxies/9c724b40b16d.jpg,C:\casamento-video-media\trabalho\00-ORIGINAL-MAE\wetransfer_fotos_2026-09-10_1110\448_ML_FestaNatal2024.jpg,ano por determinar
f0168,499_ML_FestaNatal2024.jpg,00-ORIGINAL-MAE/wetransfer_fotos_2026-09-10_1110,81e298e5042441f792f56aec7f8d3f630b69392e574de2f5efccf5306d04af8b,5679139,5250,3500,horizontal,1.5,0.37,Sim,,Nao,,,,Sim,716.4,6.0,Colegas de trabalho (dela),Amigos,bloco da mae,,proxies/81e298e50424.jpg,C:\casamento-video-media\trabalho\00-ORIGINAL-MAE\wetransfer_fotos_2026-09-10_1110\499_ML_FestaNatal2024.jpg,ano por determinar
f0169,5 (2).jpg,00-ORIGINAL-MAE/wetransfer_fotos_2026-09-10_1110,a8c231477d42386e26f8d2828a19d40a27236ad8ef35061779fb1d17750da57f,447093,1194,789,horizontal,1.513,1.61,Nao,,Sim,,1996,Tiago (indicativo),Sim,48.4,6.0,Clara,Clara,bloco da mae,,proxies/a8c231477d42.jpg,C:\casamento-video-media\trabalho\00-ORIGINAL-MAE\wetransfer_fotos_2026-09-10_1110\5 (2).jpg,ano por determinar
f0170,5-3.jpg,00-ORIGINAL-MAE/wetransfer_fotos_2026-09-10_1110,1ac0c42b2d01b84cfb8d079846f818880f8fe4373c3341f7c84c84a1667e24c5,194410,592,911,vertical,0.65,3.24,Nao,,Sim,,1998,Tiago (indicativo),Sim,57.9,7.0,Clara,Clara,bloco da mae,"Muito rebelde... (Dizia ""não se mexe"", e mexia...)",proxies/1ac0c42b2d01.jpg,C:\casamento-video-media\trabalho\00-ORIGINAL-MAE\wetransfer_fotos_2026-09-10_1110\5-3.jpg,upscale forte; ano por determinar
f0171,6-4.jpg,00-ORIGINAL-MAE/wetransfer_fotos_2026-09-10_1110,83c79af06f619f9b1c7d565137c265d7887fc01b338121acb41ce9e0cfc8e7c1,226323,890,1344,vertical,0.662,2.16,Nao,samsung SM-A226B,Nao,,2022,Tiago (indicativo),Sim,1033.9,9.0,Colegas de trabalho (dele),Amigos,bloco da mae,,proxies/83c79af06f61.jpg,C:\casamento-video-media\trabalho\00-ORIGINAL-MAE\wetransfer_fotos_2026-09-10_1110\6-4.jpg,upscale forte; ano por determinar
f0172,6.jpg,00-ORIGINAL-MAE/wetransfer_fotos_2026-09-10_1110,b122f62b227034918884f50e6b06e1f7d98c6c197a7b7a8e676a3a36377c71e7,352694,793,1222,vertical,0.649,2.42,Nao,HP HP Scanjet djf2100,Sim,,1997,Tiago (indicativo),Sim,52.9,5.0,Clara,Clara,bloco da mae,Muito curiosa...,proxies/b122f62b2270.jpg,C:\casamento-video-media\trabalho\00-ORIGINAL-MAE\wetransfer_fotos_2026-09-10_1110\6.jpg,upscale forte; ano por determinar
f0173,69916331_2555139434539758_2920736718019624960_n.jpg,00-ORIGINAL-MAE/wetransfer_fotos_2026-09-10_1110,63d3194171e598a6a6f9b4ef8de5cf38af5ad721bd8f335afc14754d4a642cc3,595040,1824,1368,horizontal,1.333,1.05,Nao,,Nao,,2014,Tiago (indicativo),Sim,530.4,6.0,Familia,Familia,bloco da mae,,proxies/63d3194171e5.jpg,C:\casamento-video-media\trabalho\00-ORIGINAL-MAE\wetransfer_fotos_2026-09-10_1110\69916331_2555139434539758_2920736718019624960_n.jpg,ano por determinar
f0174,7-1.jpg,00-ORIGINAL-MAE/wetransfer_fotos_2026-09-10_1110,dc6dff56411cca79c262611446a89bbad61167147522098dc0cc87a57daf4504,197634,616,911,vertical,0.676,3.12,Nao,,Sim,,1999,Tiago (indicativo),Sim,71.4,6.0,Clara,Clara,bloco da mae,Clarinha e as pombas,proxies/dc6dff56411c.jpg,C:\casamento-video-media\trabalho\00-ORIGINAL-MAE\wetransfer_fotos_2026-09-10_1110\7-1.jpg,upscale forte; ano por determinar
f0175,7.jpg,00-ORIGINAL-MAE/wetransfer_fotos_2026-09-10_1110,b77578ca6204e056a60c150cbff0400574ecc8e2ae1d0bd22cbd3e8528246a13,234766,769,1007,vertical,0.764,2.5,Nao,HP HP Scanjet djf2100,Sim,,1998,Tiago (indicativo),Sim,63.4,5.0,Clara,Clara,bloco da mae,Muito irrequieta...,proxies/b77578ca6204.jpg,C:\casamento-video-media\trabalho\00-ORIGINAL-MAE\wetransfer_fotos_2026-09-10_1110\7.jpg,upscale forte; ano por determinar
f0176,8-1.jpg,00-ORIGINAL-MAE/wetransfer_fotos_2026-09-10_1110,224d699a30e85dcbe4a8d80a4c56cb36ade6c1b9a26de41a55fb582100bbebaa,515980,796,1178,vertical,0.676,2.41,Nao,HP HP Scanjet djf2100,Sim,,2000,Tiago (indicativo),Sim,80.4,5.0,Clara,Clara,bloco da mae,,proxies/224d699a30e8.jpg,C:\casamento-video-media\trabalho\00-ORIGINAL-MAE\wetransfer_fotos_2026-09-10_1110\8-1.jpg,upscale forte; ano por determinar
f0177,8-3.jpg,00-ORIGINAL-MAE/wetransfer_fotos_2026-09-10_1110,0b3f5ab32a6ac7278aefec03286c6dc6dd6dedf315e14f71b355bdf1ffef4299,122705,786,1017,vertical,0.773,2.44,Nao,,Sim,,2000,Tiago (indicativo),Sim,83.9,6.0,Clara,Clara,bloco da mae,E clarividente,proxies/0b3f5ab32a6a.jpg,C:\casamento-video-media\trabalho\00-ORIGINAL-MAE\wetransfer_fotos_2026-09-10_1110\8-3.jpg,upscale forte; ano por determinar
f0178,8-4.jpg,00-ORIGINAL-MAE/wetransfer_fotos_2026-09-10_1110,4b06e7c924841fef60fd81681f84bf3d116d1b988b892479c752132090c6d178,182706,606,911,vertical,0.665,3.17,Nao,,Sim,,,,Nao,,,,,,,proxies/4b06e7c92484.jpg,C:\casamento-video-media\trabalho\00-ORIGINAL-MAE\wetransfer_fotos_2026-09-10_1110\8-4.jpg,upscale forte; ano por determinar
f0179,8-5.jpg,00-ORIGINAL-MAE/wetransfer_fotos_2026-09-10_1110,9ffee032f525e3bcc80c199f07328d676e883cca23829238cfd875151ea44f9f,161619,591,911,vertical,0.649,3.25,Nao,,Sim,,2001,Tiago (indicativo),Sim,88.4,7.0,Clara,Clara,bloco da mae,Desde muito cedo criou uma grande empatia com colegas e amigos,proxies/9ffee032f525.jpg,C:\casamento-video-media\trabalho\00-ORIGINAL-MAE\wetransfer_fotos_2026-09-10_1110\8-5.jpg,upscale forte; ano por determinar
f0180,8-6.jpg,00-ORIGINAL-MAE/wetransfer_fotos_2026-09-10_1110,4df2eb9d347f7437bbcaca0a6474e84fb088948ace5c4575949de2d3db3a21d4,115454,1202,514,horizontal,2.339,2.1,Nao,,Sim,,2001,Tiago (indicativo),Sim,95.4,12.5,Clara,Clara,bloco da mae,E logo ganhou um Clube de Fãs,proxies/4df2eb9d347f.jpg,C:\casamento-video-media\trabalho\00-ORIGINAL-MAE\wetransfer_fotos_2026-09-10_1110\8-6.jpg,upscale forte; ano por determinar
f0181,8-7.jpg,00-ORIGINAL-MAE/wetransfer_fotos_2026-09-10_1110,ab4b50f70d5f112d7b366ff5afccada7c14af783d97f7ea8ef4b6fae49d236bc,88959,1355,671,horizontal,2.019,1.61,Nao,,Sim,,2001,Tiago (indicativo),Sim,106.4,12.5,Clara,Clara,bloco da mae,Inspirou figuras de estilo...,proxies/ab4b50f70d5f.jpg,C:\casamento-video-media\trabalho\00-ORIGINAL-MAE\wetransfer_fotos_2026-09-10_1110\8-7.jpg,ano por determinar
f0182,8-8.jpg,00-ORIGINAL-MAE/wetransfer_fotos_2026-09-10_1110,7599f77cb6f6513ed4fee41f84e41ecfed1b115fe72e45cc8001b7c92fe4e156,324866,1700,847,horizontal,2.007,1.28,Nao,,Sim,,2002,Tiago (indicativo),Sim,117.4,7.0,Clara,Clara,bloco da mae,Repetições e aliterações...,proxies/7599f77cb6f6.jpg,C:\casamento-video-media\trabalho\00-ORIGINAL-MAE\wetransfer_fotos_2026-09-10_1110\8-8.jpg,ano por determinar
f0183,8-9-1.jpg,00-ORIGINAL-MAE/wetransfer_fotos_2026-09-10_1110,9bc5018e1cd50e86b31c36d1b50371b4e640b00cdd518e4eacf9a5d74e476e4b,128134,1403,918,horizontal,1.528,1.37,Nao,,Sim,,2003,Tiago (indicativo),Sim,129.9,9.0,Clara,Clara,bloco da mae,Metáforas e hipérboles...,proxies/9bc5018e1cd5.jpg,C:\casamento-video-media\trabalho\00-ORIGINAL-MAE\wetransfer_fotos_2026-09-10_1110\8-9-1.jpg,ano por determinar
f0184,8-9-2.jpg,00-ORIGINAL-MAE/wetransfer_fotos_2026-09-10_1110,db6fb6c8782a68c65b60edf2f03f037bc2da78ad838dd1588180cc30f2eaabdc,1474947,3000,4000,vertical,0.75,0.64,Sim,samsung SM-A226B,Nao,,2003,legenda (idade),Sim,138.9,8.0,Clara,Clara,bloco da mae,"Aos 8 anos recebeu o primeiro pedido de casamento, uma aliança feita de uma argola de porta-chaves...",proxies/db6fb6c8782a.jpg,C:\casamento-video-media\trabalho\00-ORIGINAL-MAE\wetransfer_fotos_2026-09-10_1110\8-9-2.jpg,
f0185,8-9.jpg,00-ORIGINAL-MAE/wetransfer_fotos_2026-09-10_1110,e056846a6ac857c5fbd9dd701640ffb20dc9d35713a4eb9fbe464c516173893b,87196,1455,727,horizontal,2.001,1.49,Nao,,Sim,,2002,Tiago (indicativo),Sim,122.9,7.0,Clara,Clara,bloco da mae,Conotações...,proxies/e056846a6ac8.jpg,C:\casamento-video-media\trabalho\00-ORIGINAL-MAE\wetransfer_fotos_2026-09-10_1110\8-9.jpg,ano por determinar
f0186,8.jpg,00-ORIGINAL-MAE/wetransfer_fotos_2026-09-10_1110,b227fd1753e25e8610cb537cde150e2cda334defebd6ec02ee971e1a93cd05ec,444267,1230,744,horizontal,1.653,1.56,Nao,,Sim,,1999,Tiago (indicativo),Sim,75.9,6.0,Clara,Clara,bloco da mae,"Era endiabrada, mas também encantadora.",proxies/b227fd1753e2.jpg,C:\casamento-video-media\trabalho\00-ORIGINAL-MAE\wetransfer_fotos_2026-09-10_1110\8.jpg,ano por determinar
f0187,82 - Cópia.jpg,00-ORIGINAL-MAE/wetransfer_fotos_2026-09-10_1110,bd0c1952342fa28ea139720420dd094410773e0ebc9e55f97ac396f13457c4c4,290695,1019,1001,horizontal,1.018,1.88,Nao,samsung SM-A226B,Nao,,2025,Tiago (indicativo),Sim,1156.4,7.0,O encontro,Ambos,bloco da mae,Em Barcelona. Escutando as explicações sobre a obra de Gaudi.,proxies/bd0c1952342f.jpg,C:\casamento-video-media\trabalho\00-ORIGINAL-MAE\wetransfer_fotos_2026-09-10_1110\82 - Cópia.jpg,ano por determinar
f0188,82-1.JPG,00-ORIGINAL-MAE/wetransfer_fotos_2026-09-10_1110,5b445fd3513038421e201df0cd095003ff512e39af1fd17e3cdcf14bdeffc7fc,1792387,3780,3240,horizontal,1.167,0.51,Sim,NIKON COOLPIX L120,Nao,2014-08-11,2014,EXIF,Sim,1124.9,5.0,O encontro,Ambos,bloco da mae,,proxies/5b445fd35130.jpg,C:\casamento-video-media\trabalho\00-ORIGINAL-MAE\wetransfer_fotos_2026-09-10_1110\82-1.JPG,
f0189,82-10.jpg,00-ORIGINAL-MAE/wetransfer_fotos_2026-09-10_1110,4835d667000e6b2e03ac7549e894685559610f6226054f7b526d49ffb5e58346,2018476,2576,1932,horizontal,1.333,0.75,Sim,samsung SM-J510FN,Nao,2017-05-11,2017,EXIF,Sim,1142.4,5.0,O encontro,Ambos,bloco da mae,Em Veneza,proxies/4835d667000e.jpg,C:\casamento-video-media\trabalho\00-ORIGINAL-MAE\wetransfer_fotos_2026-09-10_1110\82-10.jpg,
f0190,82-11-1.jpg,00-ORIGINAL-MAE/wetransfer_fotos_2026-09-10_1110,b4ca1e2e6215943f150cb2919c3efd66bad10ce825533782e926fab910625335,98114,368,1067,vertical,0.345,5.22,Nao,,Sim,,,,Sim,1208.9,5.0,O encontro,Ambos,bloco da mae,,proxies/b4ca1e2e6215.jpg,C:\casamento-video-media\trabalho\00-ORIGINAL-MAE\wetransfer_fotos_2026-09-10_1110\82-11-1.jpg,upscale forte; ano por determinar
f0191,82-11.jpeg,00-ORIGINAL-MAE/wetransfer_fotos_2026-09-10_1110,4390c60425b47da0a5e00c290493d7251965f0e4b2a80ef9607da0e6ef9e3d18,1946641,2316,3088,vertical,0.75,0.83,Sim,Apple iPhone 13,Nao,2025-05-24,2025,EXIF,Sim,1204.4,6.0,O encontro,Ambos,bloco da mae,E o fétiche por óculos...,proxies/4390c60425b4.jpg,C:\casamento-video-media\trabalho\00-ORIGINAL-MAE\wetransfer_fotos_2026-09-10_1110\82-11.jpeg,
f0192,82-2.jpg,00-ORIGINAL-MAE/wetransfer_fotos_2026-09-10_1110,6364a5514e45d8a7bbaff20d2607cec6a30363e2fc15d1d5cc12c051411f5dd6,592673,2286,1722,horizontal,1.328,0.84,Sim,samsung SM-J510FN,Nao,2018-05-16,2018,EXIF,Sim,1145.9,5.0,O encontro,Ambos,bloco da mae,"Em Londres, 2018.",proxies/6364a5514e45.jpg,C:\casamento-video-media\trabalho\00-ORIGINAL-MAE\wetransfer_fotos_2026-09-10_1110\82-2.jpg,
f0193,82-25- -2022.JPG,00-ORIGINAL-MAE/wetransfer_fotos_2026-09-10_1110,9a1b7e1620348521354fd03d678f6d92020c1ac74beb871b13a5e90b01a8954c,1047084,2039,2736,vertical,0.745,0.94,Sim,Canon Canon PowerShot SX540 HS,Nao,,,,Sim,1277.4,5.0,Cumplicidades,Ambos,bloco da mae,,proxies/9a1b7e162034.jpg,C:\casamento-video-media\trabalho\00-ORIGINAL-MAE\wetransfer_fotos_2026-09-10_1110\82-25- -2022.JPG,ano por determinar
f0194,82-27.jpeg,00-ORIGINAL-MAE/wetransfer_fotos_2026-09-10_1110,8a3c4565391f39a2a6abe24773ecaf27564065e5dc7f477b7c698b2fab69d979,2505938,2737,3449,vertical,0.794,0.7,Sim,Apple iPhone 13,Nao,,2025,Tiago (indicativo),Sim,1161.9,5.0,O encontro,Ambos,bloco da mae,,proxies/8a3c4565391f.jpg,C:\casamento-video-media\trabalho\00-ORIGINAL-MAE\wetransfer_fotos_2026-09-10_1110\82-27.jpeg,ano por determinar
f0195,82-3.JPG,00-ORIGINAL-MAE/wetransfer_fotos_2026-09-10_1110,a6bd5d0053e0bd60e4b67d2687de18944a7a2548bffc5f4df4e569de95e2e41e,2699128,3648,2736,horizontal,1.333,0.53,Sim,Canon Canon PowerShot SX540 HS,Nao,2025-11-29,2025,EXIF,Sim,1152.9,5.0,O encontro,Ambos,bloco da mae,,proxies/a6bd5d0053e0.jpg,C:\casamento-video-media\trabalho\00-ORIGINAL-MAE\wetransfer_fotos_2026-09-10_1110\82-3.JPG,
f0196,82-31.JPG,00-ORIGINAL-MAE/wetransfer_fotos_2026-09-10_1110,36f23ba9da2baa9ec417382a42f1ded66366ea49fbad17d1c814e0afbcf21c4d,3829950,3648,2736,horizontal,1.333,0.53,Sim,Canon Canon PowerShot SX540 HS,Nao,2025-11-28,2025,EXIF,Sim,1249.4,5.0,Cumplicidades,Ambos,bloco da mae,,proxies/36f23ba9da2b.jpg,C:\casamento-video-media\trabalho\00-ORIGINAL-MAE\wetransfer_fotos_2026-09-10_1110\82-31.JPG,
f0197,82-32.JPG,00-ORIGINAL-MAE/wetransfer_fotos_2026-09-10_1110,6183e32e52bd6820e646003ad0dda306ca73a1708df68cd86bb4bf18f5adbc5b,1042235,1717,2736,vertical,0.628,1.12,Nao,Canon Canon PowerShot SX540 HS,Nao,,,,Sim,1241.4,5.0,Cumplicidades,Ambos,bloco da mae,,proxies/6183e32e52bd.jpg,C:\casamento-video-media\trabalho\00-ORIGINAL-MAE\wetransfer_fotos_2026-09-10_1110\82-32.JPG,ano por determinar
f0198,82-36.JPG,00-ORIGINAL-MAE/wetransfer_fotos_2026-09-10_1110,853677c672a98a2a7aa9d05332c8f4b75cf615fd3046b2d31d1a8e83e03bdf06,1812788,2715,2736,vertical,0.992,0.71,Sim,Canon Canon PowerShot SX540 HS,Nao,2018-12-13,2018,EXIF,Sim,1280.9,5.0,Cumplicidades,Ambos,bloco da mae,,proxies/853677c672a9.jpg,C:\casamento-video-media\trabalho\00-ORIGINAL-MAE\wetransfer_fotos_2026-09-10_1110\82-36.JPG,
f0199,82-37.jpeg,00-ORIGINAL-MAE/wetransfer_fotos_2026-09-10_1110,d064328b684b0442bec371bab5d54d8abb2f25a4308e9e513ae87f406d9daf95,2370291,2861,3024,vertical,0.946,0.67,Sim,Apple iPhone 13,Nao,,2025,legenda (ano escrito),Sim,1149.4,5.0,O encontro,Ambos,bloco da mae,"Em Londres, 2025.",proxies/d064328b684b.jpg,C:\casamento-video-media\trabalho\00-ORIGINAL-MAE\wetransfer_fotos_2026-09-10_1110\82-37.jpeg,
f0200,82-4.jpg,00-ORIGINAL-MAE/wetransfer_fotos_2026-09-10_1110,091286951fe6c69f7fba0557fd31d30b7f4d4420a71ed00d36cc0b47427a7619,811234,2173,2008,horizontal,1.082,0.88,Sim,samsung SM-A226B,Nao,,,,Sim,1200.9,5.0,O encontro,Ambos,bloco da mae,,proxies/091286951fe6.jpg,C:\casamento-video-media\trabalho\00-ORIGINAL-MAE\wetransfer_fotos_2026-09-10_1110\82-4.jpg,ano por determinar
f0201,82-41.JPG,00-ORIGINAL-MAE/wetransfer_fotos_2026-09-10_1110,95ca76e0f2701b91be02a71769115a944f02ccb3c0e71cb6b74b31b6a1256660,2043905,2508,2736,vertical,0.917,0.77,Sim,Canon Canon PowerShot SX540 HS,Nao,,2025,Tiago (indicativo),Sim,1252.9,5.0,Cumplicidades,Ambos,bloco da mae,,proxies/95ca76e0f270.jpg,C:\casamento-video-media\trabalho\00-ORIGINAL-MAE\wetransfer_fotos_2026-09-10_1110\82-41.JPG,ano por determinar
f0202,82-43.JPG,00-ORIGINAL-MAE/wetransfer_fotos_2026-09-10_1110,f5b22a0a1a67022c4c26ffe0f35d285a536da783a1f2baa25a0770c384c5b750,515420,976,2093,vertical,0.466,1.97,Nao,,Sim,,2020,Tiago (indicativo),Sim,1284.4,5.0,Cumplicidades,Ambos,bloco da mae,,proxies/f5b22a0a1a67.jpg,C:\casamento-video-media\trabalho\00-ORIGINAL-MAE\wetransfer_fotos_2026-09-10_1110\82-43.JPG,ano por determinar
f0203,82-46.JPG,00-ORIGINAL-MAE/wetransfer_fotos_2026-09-10_1110,9973e98ed37aab9acf9555f60ec830d2b90e78b0ffcc1f98e425d6d2ff5c3c7e,3514468,4889,3888,horizontal,1.257,0.39,Sim,Canon Canon PowerShot SX540 HS,Nao,,,,Sim,1237.9,5.0,Cumplicidades,Ambos,bloco da mae,,proxies/9973e98ed37a.jpg,C:\casamento-video-media\trabalho\00-ORIGINAL-MAE\wetransfer_fotos_2026-09-10_1110\82-46.JPG,ano por determinar
f0204,82-48.JPG,00-ORIGINAL-MAE/wetransfer_fotos_2026-09-10_1110,1e01504e666c85ad6845ebb4d24cd21829928efd8e7922a8723d4095482eb52d,3023770,3164,3888,vertical,0.814,0.61,Sim,Canon Canon PowerShot SX540 HS,Nao,,,,Sim,1234.4,5.0,Cumplicidades,Ambos,bloco da mae,,proxies/1e01504e666c.jpg,C:\casamento-video-media\trabalho\00-ORIGINAL-MAE\wetransfer_fotos_2026-09-10_1110\82-48.JPG,ano por determinar
f0205,82-50.JPG,00-ORIGINAL-MAE/wetransfer_fotos_2026-09-10_1110,efa478057eea1d0bfebc8af6940505a7fb623269d9365a38be03941eecfc290c,3374449,4354,3602,horizontal,1.209,0.44,Sim,Canon Canon PowerShot SX540 HS,Nao,,2020,Tiago (indicativo),Sim,1307.4,8.0,Cumplicidades,Ambos,bloco da mae,"-És uma workaholic, não és? -Agora não posso responder, tenho que mandar um e-mail de trabalho!",proxies/efa478057eea.jpg,C:\casamento-video-media\trabalho\00-ORIGINAL-MAE\wetransfer_fotos_2026-09-10_1110\82-50.JPG,ano por determinar
f0206,82-53.JPG,00-ORIGINAL-MAE/wetransfer_fotos_2026-09-10_1110,55a47acbdc7ecf7de1007c2ed09acd78f6f011e2b336a2887db5a70b06e84cc6,4225912,5184,3888,horizontal,1.333,0.37,Sim,Canon Canon PowerShot SX540 HS,Nao,2025-05-02,2025,EXIF,Sim,1165.4,5.0,O encontro,Ambos,bloco da mae,,proxies/55a47acbdc7e.jpg,C:\casamento-video-media\trabalho\00-ORIGINAL-MAE\wetransfer_fotos_2026-09-10_1110\82-53.JPG,
f0207,82-59.JPG,00-ORIGINAL-MAE/wetransfer_fotos_2026-09-10_1110,011633beff1cd8a82f1130ac178874be020f4ad1e793f3588ef6817b4b21d6d9,2652966,3293,2736,horizontal,1.204,0.58,Sim,Canon Canon PowerShot SX540 HS,Nao,,2023,Tiago (indicativo),Sim,1287.9,5.0,Cumplicidades,Ambos,bloco da mae,,proxies/011633beff1c.jpg,C:\casamento-video-media\trabalho\00-ORIGINAL-MAE\wetransfer_fotos_2026-09-10_1110\82-59.JPG,ano por determinar
f0208,82-6.jpg,00-ORIGINAL-MAE/wetransfer_fotos_2026-09-10_1110,f0e99779cc3d71cc2037b28e3a907c1cc34c1b8ae5a2b500b233ff3902ac7569,1973224,2787,2728,horizontal,1.022,0.69,Sim,samsung SM-A226B,Nao,,,,Sim,1266.9,5.0,Cumplicidades,Ambos,bloco da mae,,proxies/f0e99779cc3d.jpg,C:\casamento-video-media\trabalho\00-ORIGINAL-MAE\wetransfer_fotos_2026-09-10_1110\82-6.jpg,ano por determinar
f0209,82-7.jpg,00-ORIGINAL-MAE/wetransfer_fotos_2026-09-10_1110,1bfcced50197607131634a42ccb97ba36777fc715e0fc69ae1e46034e4bd3d72,2663956,2816,3000,vertical,0.939,0.68,Sim,samsung SM-A226B,Nao,,2025,Tiago (indicativo),Sim,1256.4,5.0,Cumplicidades,Ambos,bloco da mae,,proxies/1bfcced50197.jpg,C:\casamento-video-media\trabalho\00-ORIGINAL-MAE\wetransfer_fotos_2026-09-10_1110\82-7.jpg,ano por determinar
f0210,82-9.jpg,00-ORIGINAL-MAE/wetransfer_fotos_2026-09-10_1110,d746ed032785b50d2c7ca466f3cd3f46daf27985e244df635b4087a9880c403d,190720,735,1155,vertical,0.636,2.61,Nao,samsung SM-A226B,Nao,,,,Sim,1244.9,6.0,Cumplicidades,Ambos,bloco da mae,,proxies/d746ed032785.jpg,C:\casamento-video-media\trabalho\00-ORIGINAL-MAE\wetransfer_fotos_2026-09-10_1110\82-9.jpg,upscale forte; ano por determinar
f0211,9-12.JPG,00-ORIGINAL-MAE/wetransfer_fotos_2026-09-10_1110,f07639074d8df392bf0764fa0115d4b58e57a7b94ad06bcc5484b3999acd8f4a,1626078,2545,3364,vertical,0.757,0.75,Sim,Canon Canon PowerShot SX540 HS,Nao,,2025,Tiago (indicativo),Sim,174.9,9.0,Clara,Clara,bloco da mae,Colaborando com uma estátua viva em Barcelona,proxies/f07639074d8d.jpg,C:\casamento-video-media\trabalho\00-ORIGINAL-MAE\wetransfer_fotos_2026-09-10_1110\9-12.JPG,ano por determinar
f0212,9-13.JPG,00-ORIGINAL-MAE/wetransfer_fotos_2026-09-10_1110,639626bd6cb9210be48b409d09922225509c9081712d36ce72f8d6944ba388b4,548570,1630,1776,vertical,0.918,1.18,Nao,Canon Canon PowerShot SX540 HS,Nao,,2025,Tiago (indicativo),Sim,182.4,5.0,Clara,Clara,bloco da mae,,proxies/639626bd6cb9.jpg,C:\casamento-video-media\trabalho\00-ORIGINAL-MAE\wetransfer_fotos_2026-09-10_1110\9-13.JPG,ano por determinar
f0213,9-14.JPG,00-ORIGINAL-MAE/wetransfer_fotos_2026-09-10_1110,9a20f27930bde750180da6985da8863ac4e07ccf17ea406b346d02bcac6ed154,1042750,3648,2434,horizontal,1.499,0.53,Sim,Canon Canon PowerShot SX540 HS,Nao,,2016,Tiago (indicativo),Sim,161.4,6.0,Clara,Clara,bloco da mae,Foi sempre irreverente...,proxies/9a20f27930bd.jpg,C:\casamento-video-media\trabalho\00-ORIGINAL-MAE\wetransfer_fotos_2026-09-10_1110\9-14.JPG,ano por determinar
f0214,9-15-1.JPG,00-ORIGINAL-MAE/wetransfer_fotos_2026-09-10_1110,31ccc94ffc9e37b2db8c7b890d55352e39b501a749ba438f31a6f3a8514f2ae4,171124,986,911,horizontal,1.082,1.95,Nao,,Sim,,,,Sim,195.9,6.0,Clara,Clara,bloco da mae,"Com o Miguel Araújo, na Feira do Livro.",proxies/31ccc94ffc9e.jpg,C:\casamento-video-media\trabalho\00-ORIGINAL-MAE\wetransfer_fotos_2026-09-10_1110\9-15-1.JPG,ano por determinar
f0215,9-15-2.jpg,00-ORIGINAL-MAE/wetransfer_fotos_2026-09-10_1110,7308296d413048577b5c93fecc495e9704bc1eda1c3f80f2d27d446926cf1891,215454,1092,819,horizontal,1.333,1.76,Nao,,Sim,,2015,Tiago (indicativo),Sim,200.4,6.0,Clara,Clara,bloco da mae,Numa Ação de Voluntariado Morais Leitão,proxies/7308296d4130.jpg,C:\casamento-video-media\trabalho\00-ORIGINAL-MAE\wetransfer_fotos_2026-09-10_1110\9-15-2.jpg,ano por determinar
f0216,9-15-4.jpg,00-ORIGINAL-MAE/wetransfer_fotos_2026-09-10_1110,de4a1efe17677727983f23bc38774cc3b0906eeb6567aff8a4da4a27b696a0a5,764210,3762,3096,horizontal,1.215,0.51,Sim,samsung SM-J510FN,Nao,,,,Sim,204.9,10.0,Clara,Clara,bloco da mae,Orgulhosa do primeiro automóvel. Com ele iria ganhar... algumas multas por excesso de velocidade... / Eterna fã do Harry Potter (Local de filmagens em Londres)...,proxies/de4a1efe1767.jpg,C:\casamento-video-media\trabalho\00-ORIGINAL-MAE\wetransfer_fotos_2026-09-10_1110\9-15-4.jpg,ano por determinar
f0217,9-15.JPG,00-ORIGINAL-MAE/wetransfer_fotos_2026-09-10_1110,29fbb01dec3db14a779d01c199aaab9b526147c6107c19ecf49644eb89e39dac,3109934,3648,2736,horizontal,1.333,0.53,Sim,Canon Canon PowerShot SX540 HS,Nao,2025-08-26,2025,EXIF,Sim,187.4,10.0,Clara,Clara,bloco da mae,"Com um vendedor de artesanato no vulcão Etna (Sicília). ""Chiara, siediti qui per una foto.""",proxies/29fbb01dec3d.jpg,C:\casamento-video-media\trabalho\00-ORIGINAL-MAE\wetransfer_fotos_2026-09-10_1110\9-15.JPG,
f0218,9-16.JPG,00-ORIGINAL-MAE/wetransfer_fotos_2026-09-10_1110,a290a15ab57bc2fe6515cbf4a1571b63b6c022f3130711fe9c3ff45020b59c4d,3226760,2736,3648,vertical,0.75,0.7,Sim,Canon Canon PowerShot SX540 HS,Nao,2018-05-12,2018,EXIF,Sim,213.4,7.0,Clara,Clara,bloco da mae,Eterna fã do Harry Potter (Local de filmagens em Londres)...,proxies/a290a15ab57b.jpg,C:\casamento-video-media\trabalho\00-ORIGINAL-MAE\wetransfer_fotos_2026-09-10_1110\9-16.JPG,
f0219,9-17.JPG,00-ORIGINAL-MAE/wetransfer_fotos_2026-09-10_1110,8b00af8cf4bc94cd42fab73caec430b26031483f3ca95431c476c5cd1e69f185,2807601,2736,3648,vertical,0.75,0.7,Sim,Canon Canon PowerShot SX540 HS,Nao,2019-07-07,2019,EXIF,Sim,218.9,7.0,Clara,Clara,bloco da mae,"Do ""Game of Thrones"". (Local de filmagens na Croácia)...",proxies/8b00af8cf4bc.jpg,C:\casamento-video-media\trabalho\00-ORIGINAL-MAE\wetransfer_fotos_2026-09-10_1110\9-17.JPG,
f0220,9-18.JPG,00-ORIGINAL-MAE/wetransfer_fotos_2026-09-10_1110,3cb8ec6e3a14f93651ed0bf181a385585abb9abb217b07d0407be0dca6a0b6b2,5593609,3240,4320,vertical,0.75,0.59,Sim,NIKON COOLPIX L120,Nao,2017-05-12,2017,EXIF,Sim,224.4,6.0,Clara,Clara,bloco da mae,E de futebolistas...,proxies/3cb8ec6e3a14.jpg,C:\casamento-video-media\trabalho\00-ORIGINAL-MAE\wetransfer_fotos_2026-09-10_1110\9-18.JPG,
f0221,9-2.jpg,00-ORIGINAL-MAE/wetransfer_fotos_2026-09-10_1110,90c9be2ec747515c6d3630c3d893936535a375572fca1425f042741412b37ad6,129978,1215,911,horizontal,1.334,1.58,Nao,,Sim,,2013,legenda (idade),Sim,156.9,6.0,Clara,Clara,bloco da mae,Aos 18 anos,proxies/90c9be2ec747.jpg,C:\casamento-video-media\trabalho\00-ORIGINAL-MAE\wetransfer_fotos_2026-09-10_1110\9-2.jpg,
f0222,9-23.JPG,00-ORIGINAL-MAE/wetransfer_fotos_2026-09-10_1110,5f2896fe716f9a175d61ed6bdac9e65c4d6be28f72b7e5491d7a6b4bc32580be,2779988,3648,2736,horizontal,1.333,0.53,Sim,Canon Canon PowerShot SX540 HS,Nao,2021-11-23,2021,EXIF,Sim,228.9,5.0,Clara,Clara,bloco da mae,Gosta de festas...,proxies/5f2896fe716f.jpg,C:\casamento-video-media\trabalho\00-ORIGINAL-MAE\wetransfer_fotos_2026-09-10_1110\9-23.JPG,
f0223,9-24-1.JPG,00-ORIGINAL-MAE/wetransfer_fotos_2026-09-10_1110,d37573dda6639e234b0b0916bbeb0a09d5c9b4d0aa70151a20cd11cef1a1030b,813546,2109,2736,vertical,0.771,0.91,Sim,Canon Canon PowerShot SX540 HS,Nao,,2023,Tiago (indicativo),Sim,235.9,5.0,Clara,Clara,bloco da mae,E de convívios,proxies/d37573dda663.jpg,C:\casamento-video-media\trabalho\00-ORIGINAL-MAE\wetransfer_fotos_2026-09-10_1110\9-24-1.JPG,ano por determinar
f0224,9-24-2.JPG,00-ORIGINAL-MAE/wetransfer_fotos_2026-09-10_1110,e779a94239e7c08f7ac18c34be953159cf6eb5af1a50e4b7161393fb1cb12786,3865757,3648,2736,horizontal,1.333,0.53,Sim,Canon Canon PowerShot SX540 HS,Nao,2022-03-05,2022,EXIF,Sim,493.9,5.0,Clara,Clara,bloco da mae,,proxies/e779a94239e7.jpg,C:\casamento-video-media\trabalho\00-ORIGINAL-MAE\wetransfer_fotos_2026-09-10_1110\9-24-2.JPG,
f0225,9-24-4.jpeg,00-ORIGINAL-MAE/wetransfer_fotos_2026-09-10_1110,c8ced1640207205858c9cd1e19ee13ef744738afe46b0d2767860062e615c372,268660,1201,1600,vertical,0.751,1.6,Nao,,Sim,,2025,Tiago (indicativo),Sim,239.4,6.0,Clara,Clara,bloco da mae,Gosta de futebol e adora o FCP,proxies/c8ced1640207.jpg,C:\casamento-video-media\trabalho\00-ORIGINAL-MAE\wetransfer_fotos_2026-09-10_1110\9-24-4.jpeg,ano por determinar
f0226,9-24-5.JPG,00-ORIGINAL-MAE/wetransfer_fotos_2026-09-10_1110,ea69801964d249985c6cf7258ecf96106965c316e679fe9f585474fecb3ad905,2633681,3568,2672,horizontal,1.335,0.54,Sim,SONY DSC-W210,Nao,,2013,Tiago (indicativo),Sim,243.9,7.0,Clara,Clara,bloco da mae,Quando lhe dizem que o FCP vai perder...,proxies/ea69801964d2.jpg,C:\casamento-video-media\trabalho\00-ORIGINAL-MAE\wetransfer_fotos_2026-09-10_1110\9-24-5.JPG,ano por determinar
f0227,9-24-7.JPG,00-ORIGINAL-MAE/wetransfer_fotos_2026-09-10_1110,b90dd4db91a064e29446f8081750c0a2088a09b34f9b1fe69a4b26b016e1e670,2302518,3648,2736,horizontal,1.333,0.53,Sim,Canon Canon PowerShot SX540 HS,Nao,2023-09-05,2023,EXIF,Sim,458.4,7.0,Clara,Clara,bloco da mae,"Numa viagem de comboio, em férias.",proxies/b90dd4db91a0.jpg,C:\casamento-video-media\trabalho\00-ORIGINAL-MAE\wetransfer_fotos_2026-09-10_1110\9-24-7.JPG,
f0228,9-24-8.JPG,00-ORIGINAL-MAE/wetransfer_fotos_2026-09-10_1110,5144ac05229c867b5122c6173b4830a47807267743cd310c08f47c41098996c5,2830882,3648,2736,horizontal,1.333,0.53,Sim,Canon Canon PowerShot SX540 HS,Nao,2023-09-05,2023,EXIF,Sim,452.9,7.0,Clara,Clara,bloco da mae,"Passeia muito, mas está sempre conectada com o mundo do trabalho.",proxies/5144ac05229c.jpg,C:\casamento-video-media\trabalho\00-ORIGINAL-MAE\wetransfer_fotos_2026-09-10_1110\9-24-8.JPG,
f0229,9-24.JPG,00-ORIGINAL-MAE/wetransfer_fotos_2026-09-10_1110,79a8e0d138eb20437c7bb59c1538a8a3f56b30394cbc3faa83d34fdec5bf3211,1252104,2165,2509,vertical,0.863,0.89,Sim,Canon Canon PowerShot SX540 HS,Nao,,2022,Tiago (indicativo),Sim,232.4,5.0,Clara,Clara,bloco da mae,,proxies/79a8e0d138eb.jpg,C:\casamento-video-media\trabalho\00-ORIGINAL-MAE\wetransfer_fotos_2026-09-10_1110\9-24.JPG,ano por determinar
f0230,9-25.jpg,00-ORIGINAL-MAE/wetransfer_fotos_2026-09-10_1110,87139722f97a8c120e3fb64b20ac1472e51611ba2b47e1a43ccf90ed6d3a4dd5,501223,805,1233,vertical,0.653,2.39,Nao,HP HP Scanjet djf2100,Sim,,1999,Tiago (indicativo),Sim,66.9,6.0,Clara,Clara,bloco da mae,Gostava dos bichinhos todos,proxies/87139722f97a.jpg,C:\casamento-video-media\trabalho\00-ORIGINAL-MAE\wetransfer_fotos_2026-09-10_1110\9-25.jpg,upscale forte; ano por determinar
f0231,9-26.JPG,00-ORIGINAL-MAE/wetransfer_fotos_2026-09-10_1110,01ff1c11c2f7591dbd795946c5c8cffacefb26cd3875de289f39aa4d3d62243a,246546,1215,911,horizontal,1.334,1.58,Nao,,Sim,,,,Sim,257.9,5.0,Clara,Clara,bloco da mae,Pelos dela...,proxies/01ff1c11c2f7.jpg,C:\casamento-video-media\trabalho\00-ORIGINAL-MAE\wetransfer_fotos_2026-09-10_1110\9-26.JPG,ano por determinar
f0232,9-27.JPG,00-ORIGINAL-MAE/wetransfer_fotos_2026-09-10_1110,4860d0bfe0fc94e841551eada3b2d90a0f7ca1ea47c4df39a1be2e247501ab1b,4018596,4000,2672,horizontal,1.497,0.48,Sim,SONY DSC-W210,Nao,2015-05-11,2015,EXIF,Sim,261.4,5.0,Clara,Clara,bloco da mae,,proxies/4860d0bfe0fc.jpg,C:\casamento-video-media\trabalho\00-ORIGINAL-MAE\wetransfer_fotos_2026-09-10_1110\9-27.JPG,
f0233,9-28.JPG,00-ORIGINAL-MAE/wetransfer_fotos_2026-09-10_1110,26761230ace7d1399087f1870a8899273409de9b68d6fb75e12355cce018a4ec,703105,1792,1541,horizontal,1.163,1.07,Nao,Canon Canon PowerShot SX540 HS,Nao,,,,Sim,264.9,5.0,Clara,Clara,bloco da mae,... E pelos dos outros.,proxies/26761230ace7.jpg,C:\casamento-video-media\trabalho\00-ORIGINAL-MAE\wetransfer_fotos_2026-09-10_1110\9-28.JPG,ano por determinar
f0234,9-29.JPG,00-ORIGINAL-MAE/wetransfer_fotos_2026-09-10_1110,13450e69f88a0e8bd0ffe9bc634ae0c7ce947b73e183e1f35e1415b2355caa76,424340,1575,1451,horizontal,1.085,1.22,Nao,Canon Canon PowerShot SX540 HS,Nao,,,,Sim,268.4,6.0,Clara,Clara,bloco da mae,,proxies/13450e69f88a.jpg,C:\casamento-video-media\trabalho\00-ORIGINAL-MAE\wetransfer_fotos_2026-09-10_1110\9-29.JPG,ano por determinar
f0235,9-5.JPG,00-ORIGINAL-MAE/wetransfer_fotos_2026-09-10_1110,bdafb453a66de9041eea2acc75f1ffb51eee5f55bacfe9c68a5d91ad91a006ec,2123289,3581,3240,horizontal,1.105,0.54,Sim,NIKON COOLPIX L120,Nao,,2012,Tiago (indicativo),Sim,153.4,5.0,Clara,Clara,bloco da mae,,proxies/bdafb453a66d.jpg,C:\casamento-video-media\trabalho\00-ORIGINAL-MAE\wetransfer_fotos_2026-09-10_1110\9-5.JPG,ano por determinar
f0236,9.1.jpg,00-ORIGINAL-MAE/wetransfer_fotos_2026-09-10_1110,bc8efbc81d47df3d8d36db489686f37913f79bd2995f2e85d43d02228565d44c,170502,616,911,vertical,0.676,3.12,Nao,,Nao,,2006,Tiago (indicativo),Sim,145.4,6.0,Clara,Clara,bloco da mae,Já usou um penteado à Emma Watson,proxies/bc8efbc81d47.jpg,C:\casamento-video-media\trabalho\00-ORIGINAL-MAE\wetransfer_fotos_2026-09-10_1110\9.1.jpg,upscale forte; ano por determinar
f0237,9.4.JPG,00-ORIGINAL-MAE/wetransfer_fotos_2026-09-10_1110,f8161e2a1aa1407958efca554c70d9bc5d0730b228b8b78350ac15906162b2d5,1302120,2048,1536,horizontal,1.333,0.94,Sim,SONY DSC-W210,Nao,2010-08-29,2010,EXIF,Sim,149.9,5.0,Clara,Clara,bloco da mae,Aos 16 anos,proxies/f8161e2a1aa1.jpg,C:\casamento-video-media\trabalho\00-ORIGINAL-MAE\wetransfer_fotos_2026-09-10_1110\9.4.JPG,
f0238,977af8a4-c485-48a1-ac39-83ee76f6bc02.jpeg,00-ORIGINAL-MAE/wetransfer_fotos_2026-09-10_1110,9ab14c6532c600aa3ca580280c8e92a8618abf16984201fde9da442144bf4fbf,201664,1200,1600,vertical,0.75,1.6,Nao,,Nao,,,,Nao,,,,,,,proxies/9ab14c6532c6.jpg,C:\casamento-video-media\trabalho\00-ORIGINAL-MAE\wetransfer_fotos_2026-09-10_1110\977af8a4-c485-48a1-ac39-83ee76f6bc02.jpeg,ano por determinar
f0239,A Happy Year (16).jpg,00-ORIGINAL-MAE/wetransfer_fotos_2026-09-10_1110,b58912b5ded83b4725113a8993cdacaf1fb6c09762646f917fc67faa409c5d7b,716290,2048,1536,horizontal,1.333,0.94,Sim,Nokia 5800 Xpres,Nao,2013-05-26,2013,EXIF,Sim,1077.9,5.0,O encontro,Ambos,bloco da mae,,proxies/b58912b5ded8.jpg,C:\casamento-video-media\trabalho\00-ORIGINAL-MAE\wetransfer_fotos_2026-09-10_1110\A Happy Year (16).jpg,
f0240,b0773331-cf53-4b1c-bb33-9cbe08cb4031.jpeg,00-ORIGINAL-MAE/wetransfer_fotos_2026-09-10_1110,ec79f41b6cd8825c0f94e148303d13864b2e1f7454dd3e62f7d31b9e457364e5,355947,1536,2048,vertical,0.75,1.25,Nao,,Nao,,,,Sim,757.4,4.0,Colegas de trabalho (dela),Amigos,bloco da mae,,proxies/ec79f41b6cd8.jpg,C:\casamento-video-media\trabalho\00-ORIGINAL-MAE\wetransfer_fotos_2026-09-10_1110\b0773331-cf53-4b1c-bb33-9cbe08cb4031.jpeg,ano por determinar
f0241,content.jpg,00-ORIGINAL-MAE/wetransfer_fotos_2026-09-10_1110,1f02ca79a876c0c7cb3a85334e7278afe80a4b97be5dd5db39563397d1cf5b89,778325,2048,2560,vertical,0.8,0.94,Sim,,Nao,,,,Sim,709.4,5.0,Colegas de trabalho (dela),Amigos,bloco da mae,,proxies/1f02ca79a876.jpg,C:\casamento-video-media\trabalho\00-ORIGINAL-MAE\wetransfer_fotos_2026-09-10_1110\content.jpg,ano por determinar
f0242,content5.jpg,00-ORIGINAL-MAE/wetransfer_fotos_2026-09-10_1110,1c3ef8b1b24232fcf4fa42a11ca1f4ef17898855a9ef6612eb62e50fcd8434eb,323792,1600,1066,horizontal,1.501,1.2,Nao,,Nao,,,,Sim,712.9,5.0,Colegas de trabalho (dela),Amigos,bloco da mae,,proxies/1c3ef8b1b242.jpg,C:\casamento-video-media\trabalho\00-ORIGINAL-MAE\wetransfer_fotos_2026-09-10_1110\content5.jpg,ano por determinar
f0243,DSC00075.JPG,00-ORIGINAL-MAE/wetransfer_fotos_2026-09-10_1110,88f6bcfeaf28a3fbadcc347d4198f8b3d1b16b119bd73d907f3c2f8df7f74776,2456942,4000,2672,horizontal,1.497,0.48,Sim,SONY DSC-W210,Nao,2016-03-19,2016,EXIF,Sim,1294.9,6.0,Cumplicidades,Ambos,bloco da mae,,proxies/88f6bcfeaf28.jpg,C:\casamento-video-media\trabalho\00-ORIGINAL-MAE\wetransfer_fotos_2026-09-10_1110\DSC00075.JPG,
f0244,DSC00093.JPG,00-ORIGINAL-MAE/wetransfer_fotos_2026-09-10_1110,6307b3b72221e8969c07b36481853e5cbf59eb6446d3bcd6c882778a780f9244,3761958,4000,2672,horizontal,1.497,0.48,Sim,SONY DSC-W210,Nao,2014-08-14,2014,EXIF,Sim,1138.9,5.0,O encontro,Ambos,bloco da mae,,proxies/6307b3b72221.jpg,C:\casamento-video-media\trabalho\00-ORIGINAL-MAE\wetransfer_fotos_2026-09-10_1110\DSC00093.JPG,
f0245,DSC02999.JPG,00-ORIGINAL-MAE/wetransfer_fotos_2026-09-10_1110,67c0a75840b07e41b9972c4b5d3147f815cc51dfa470ba979dbf6228d5f3f425,4064712,3000,4000,vertical,0.75,0.64,Sim,SONY DSC-W210,Nao,2016-05-02,2016,EXIF,Sim,669.4,5.0,Amigos e colegas,Amigos,bloco da mae,,proxies/67c0a75840b0.jpg,C:\casamento-video-media\trabalho\00-ORIGINAL-MAE\wetransfer_fotos_2026-09-10_1110\DSC02999.JPG,
f0246,DSC07594.JPG,00-ORIGINAL-MAE/wetransfer_fotos_2026-09-10_1110,fe14780efa5f48814f2e77979b4b8065032c7464c6b3fd5aa1034cd31a677c48,3461289,4000,2248,horizontal,1.779,0.48,Sim,SONY DSC-W210,Nao,2013-07-26,2013,EXIF,Sim,1135.4,5.0,O encontro,Ambos,bloco da mae,,proxies/fe14780efa5f.jpg,C:\casamento-video-media\trabalho\00-ORIGINAL-MAE\wetransfer_fotos_2026-09-10_1110\DSC07594.JPG,
f0247,DSC09844.JPG,00-ORIGINAL-MAE/wetransfer_fotos_2026-09-10_1110,0c2364972bd738cf513e4b8e7e109ff41c9f5845d87d90678bee38b4728a47a7,3592352,4000,2672,horizontal,1.497,0.48,Sim,SONY DSC-W210,Nao,2014-06-26,2014,EXIF,Nao,,,,,,,proxies/0c2364972bd7.jpg,C:\casamento-video-media\trabalho\00-ORIGINAL-MAE\wetransfer_fotos_2026-09-10_1110\DSC09844.JPG,
f0248,DSC_0041.JPG,00-ORIGINAL-MAE/wetransfer_fotos_2026-09-10_1110,b461c09b772b5b8b9a06df4b06bae59e5a845375b3c561885dd6f0ed2c4edb26,3846568,4496,3000,horizontal,1.499,0.43,Sim,NIKON CORPORATION NIKON D3400,Nao,2018-05-06,2018,EXIF,Sim,1217.4,7.0,O encontro,Ambos,bloco da mae,"Imposição de Insígnias. ""Tiago, não batas, ela só fala na presença do seu Advogado...""",proxies/b461c09b772b.jpg,C:\casamento-video-media\trabalho\00-ORIGINAL-MAE\wetransfer_fotos_2026-09-10_1110\DSC_0041.JPG,
f0249,DSC_7700.JPG,00-ORIGINAL-MAE/wetransfer_fotos_2026-09-10_1110,f3b2b1834dbbcd5ba444293264e98173f3115e997a8b2e87e11d530b544b4337,1402195,4352,3072,horizontal,1.417,0.44,Sim,NIKON CORPORATION NIKON D3100,Nao,,2022,Tiago (indicativo),Sim,1322.4,9.0,Cumplicidades,Ambos,bloco da mae,Na festa dos 18 anos do Henrique,proxies/f3b2b1834dbb.jpg,C:\casamento-video-media\trabalho\00-ORIGINAL-MAE\wetransfer_fotos_2026-09-10_1110\DSC_7700.JPG,ano por determinar
f0250,DSCN3008.JPG,00-ORIGINAL-MAE/wetransfer_fotos_2026-09-10_1110,a6185f740d98a39c6628d3f58deffb74c76efeedd964676c755f8f4dc3ea9472,2783894,3917,3240,horizontal,1.209,0.49,Sim,NIKON COOLPIX L120,Nao,2014-08-11,2014,EXIF,Nao,,,,,,,proxies/a6185f740d98.jpg,C:\casamento-video-media\trabalho\00-ORIGINAL-MAE\wetransfer_fotos_2026-09-10_1110\DSCN3008.JPG,
f0251,DSCN7849.JPG,00-ORIGINAL-MAE/wetransfer_fotos_2026-09-10_1110,05cadc893f896b6f55d0e907757f6c5b5bcf295e17ed1dfe84983c838931384b,2616040,4320,3240,horizontal,1.333,0.44,Sim,NIKON COOLPIX L120,Nao,,,,Sim,990.9,6.0,Tiago,Tiago,bloco da mae,"Em Zagreb, no estádio Maksimir. .",proxies/05cadc893f89.jpg,C:\casamento-video-media\trabalho\00-ORIGINAL-MAE\wetransfer_fotos_2026-09-10_1110\DSCN7849.JPG,ano por determinar
f0252,Fotos Joana (69).JPG,00-ORIGINAL-MAE/wetransfer_fotos_2026-09-10_1110,a04a1f80b93b5956e2fc5ee97ead2a7877397d938f0c2d302c91af956786c39d,1658674,2559,3240,vertical,0.79,0.75,Sim,NIKON COOLPIX L120,Nao,,2021,Tiago (indicativo),Sim,1313.9,10.0,Cumplicidades,Ambos,bloco da mae,Festa dos 18 anos da Clara,proxies/a04a1f80b93b.jpg,C:\casamento-video-media\trabalho\00-ORIGINAL-MAE\wetransfer_fotos_2026-09-10_1110\Fotos Joana (69).JPG,ano por determinar
f0253,IMG-20221118-WA0013.jpg,00-ORIGINAL-MAE/wetransfer_fotos_2026-09-10_1110,91efc4b0d3320e964ae0f8239419ea57d2de05096d26a726cae3dc5058f5a251,163545,1024,768,horizontal,1.333,1.88,Nao,,Nao,,2022,nome do ficheiro,Sim,1041.4,7.0,Colegas de trabalho (dele),Amigos,bloco da mae,,proxies/91efc4b0d332.jpg,C:\casamento-video-media\trabalho\00-ORIGINAL-MAE\wetransfer_fotos_2026-09-10_1110\IMG-20221118-WA0013.jpg,
f0254,IMG-20250305-WA0113.jpg,00-ORIGINAL-MAE/wetransfer_fotos_2026-09-10_1110,f124defaf541e74b181c0dbb99b5394c76177280bbb23e91ba1ed8a6db2a0793,367997,1600,1200,horizontal,1.333,1.2,Nao,,Nao,,2025,nome do ficheiro,Sim,1023.9,7.0,Colegas de trabalho (dele),Amigos,bloco da mae,,proxies/f124defaf541.jpg,C:\casamento-video-media\trabalho\00-ORIGINAL-MAE\wetransfer_fotos_2026-09-10_1110\IMG-20250305-WA0113.jpg,
f0255,IMG-20260513-WA0016.jpg,00-ORIGINAL-MAE/wetransfer_fotos_2026-09-10_1110,e2467a76e4cf5a65fd7e51e7f5b1a26e61be73f360ddef259a1f90a05e88f74a,271710,2040,1530,horizontal,1.333,0.94,Sim,,Nao,,2026,nome do ficheiro,Sim,1029.4,6.0,Colegas de trabalho (dele),Amigos,bloco da mae,,proxies/e2467a76e4cf.jpg,C:\casamento-video-media\trabalho\00-ORIGINAL-MAE\wetransfer_fotos_2026-09-10_1110\IMG-20260513-WA0016.jpg,
f0256,IMG-20260614-WA0013.jpg,00-ORIGINAL-MAE/wetransfer_fotos_2026-09-10_1110,e0e7e68d9d4ed36e54dbedff643ae8c8021bb47dad96a8e1efff05036c65a308,770435,2000,3000,vertical,0.667,0.96,Sim,,Nao,,2026,nome do ficheiro,Sim,940.4,6.0,Tiago,Tiago,bloco da mae,,proxies/e0e7e68d9d4e.jpg,C:\casamento-video-media\trabalho\00-ORIGINAL-MAE\wetransfer_fotos_2026-09-10_1110\IMG-20260614-WA0013.jpg,
f0257,IMG_0588.JPG,00-ORIGINAL-MAE/wetransfer_fotos_2026-09-10_1110,adcdbf814992a85ddd453e2b205d71d989a40c992731eec25ae23986c44f1de6,2748219,3574,3888,vertical,0.919,0.54,Sim,Canon Canon PowerShot SX540 HS,Nao,,2019,Tiago (indicativo),Sim,933.4,5.0,Tiago,Tiago,bloco da mae,Um dos vários desportos que gosta de praticar,proxies/adcdbf814992.jpg,C:\casamento-video-media\trabalho\00-ORIGINAL-MAE\wetransfer_fotos_2026-09-10_1110\IMG_0588.JPG,ano por determinar
f0258,IMG_0645 (1).jpg,00-ORIGINAL-MAE/wetransfer_fotos_2026-09-10_1110,898e09591537f33c81cc8e2b2218fb817a552db04e394faaccc8f5420d482f9d,2338608,5312,2988,horizontal,1.778,0.36,Sim,samsung SM-G900F,Nao,2017-07-31,2017,EXIF,Nao,,,,,,,proxies/898e09591537.jpg,C:\casamento-video-media\trabalho\00-ORIGINAL-MAE\wetransfer_fotos_2026-09-10_1110\IMG_0645 (1).jpg,
f0259,IMG_1475.jpeg,00-ORIGINAL-MAE/wetransfer_fotos_2026-09-10_1110,129bc8eb76baa97b93890fa401abf1041d16e75c4bcc2cc3fa363293296d8f72,2908746,4032,3024,horizontal,1.333,0.48,Sim,Apple iPhone 13,Nao,2025-11-22,2025,EXIF,Sim,720.9,5.0,Colegas de trabalho (dela),Amigos,bloco da mae,,proxies/129bc8eb76ba.jpg,C:\casamento-video-media\trabalho\00-ORIGINAL-MAE\wetransfer_fotos_2026-09-10_1110\IMG_1475.jpeg,
f0260,IMG_2067.jpeg,00-ORIGINAL-MAE/wetransfer_fotos_2026-09-10_1110,ea2adb32044734cf36c215d7fba4ebdd8925cf17003d48bd2df1f0db35f6bb67,1900809,3024,3661,vertical,0.826,0.63,Sim,Apple iPhone 13,Nao,2026-01-04,2026,EXIF,Sim,1377.9,4.0,Cumplicidades,Ambos,bloco da mae,,proxies/ea2adb320447.jpg,C:\casamento-video-media\trabalho\00-ORIGINAL-MAE\wetransfer_fotos_2026-09-10_1110\IMG_2067.jpeg,
f0261,IMG_2523.jpeg,00-ORIGINAL-MAE/wetransfer_fotos_2026-09-10_1110,950630837d4669f6d8780ca24873657c7fe138b93f569264f8eed082c0ed6ace,3394453,3024,4032,vertical,0.75,0.63,Sim,Apple iPhone 13,Nao,2026-05-02,2026,EXIF,Sim,1192.9,5.0,O encontro,Ambos,bloco da mae,,proxies/950630837d46.jpg,C:\casamento-video-media\trabalho\00-ORIGINAL-MAE\wetransfer_fotos_2026-09-10_1110\IMG_2523.jpeg,
f0262,IMG_2601.jpeg,00-ORIGINAL-MAE/wetransfer_fotos_2026-09-10_1110,0d568ab280bb45e4ee74204e445914f947f20fd40a0793ca247d9b63bfc6b169,4853938,4032,3024,horizontal,1.333,0.48,Sim,Apple iPhone 13,Nao,2026-05-16,2026,EXIF,Sim,735.4,6.0,Colegas de trabalho (dela),Amigos,bloco da mae,,proxies/0d568ab280bb.jpg,C:\casamento-video-media\trabalho\00-ORIGINAL-MAE\wetransfer_fotos_2026-09-10_1110\IMG_2601.jpeg,
f0263,IMG_3216.JPG,00-ORIGINAL-MAE/wetransfer_fotos_2026-09-10_1110,e1a3c1cfb5e0fa22b58dc2b9a2250fc6c28b82585a41195b477d13e2dad7e177,3317278,2736,3648,vertical,0.75,0.7,Sim,Canon Canon PowerShot SX540 HS,Nao,2022-05-15,2022,EXIF,Sim,970.4,5.0,Tiago,Tiago,bloco da mae,Em Nova York,proxies/e1a3c1cfb5e0.jpg,C:\casamento-video-media\trabalho\00-ORIGINAL-MAE\wetransfer_fotos_2026-09-10_1110\IMG_3216.JPG,
f0264,IMG_3461.JPG,00-ORIGINAL-MAE/wetransfer_fotos_2026-09-10_1110,64b8beb5ad4a8f80ae251cc832d9266545e019a93d8a0f7cbef0ad6baebbadc0,3635770,3648,2736,horizontal,1.333,0.53,Sim,Canon Canon PowerShot SX540 HS,Nao,2022-05-17,2022,EXIF,Sim,973.9,4.0,Tiago,Tiago,bloco da mae,,proxies/64b8beb5ad4a.jpg,C:\casamento-video-media\trabalho\00-ORIGINAL-MAE\wetransfer_fotos_2026-09-10_1110\IMG_3461.JPG,
f0265,IMG_3540.JPG,00-ORIGINAL-MAE/wetransfer_fotos_2026-09-10_1110,053635ae680809e7043b2d9a8f9edc2777cfbebf4075b974d3402e020e00a361,3574709,3648,2736,horizontal,1.333,0.53,Sim,Canon Canon PowerShot SX540 HS,Nao,2019-06-20,2019,EXIF,Sim,976.4,5.0,Tiago,Tiago,bloco da mae,Na Croácia .,proxies/053635ae6808.jpg,C:\casamento-video-media\trabalho\00-ORIGINAL-MAE\wetransfer_fotos_2026-09-10_1110\IMG_3540.JPG,
f0266,IMG_3547.JPG,00-ORIGINAL-MAE/wetransfer_fotos_2026-09-10_1110,40a424a4a914f77d28b725a5b8a0a430bb0f90fb2cbbc8b57aeccd42461cd728,3858524,3648,2736,horizontal,1.333,0.53,Sim,Canon Canon PowerShot SX540 HS,Nao,2019-06-20,2019,EXIF,Sim,979.9,5.0,Tiago,Tiago,bloco da mae,,proxies/40a424a4a914.jpg,C:\casamento-video-media\trabalho\00-ORIGINAL-MAE\wetransfer_fotos_2026-09-10_1110\IMG_3547.JPG,
f0267,IMG_3576.JPG,00-ORIGINAL-MAE/wetransfer_fotos_2026-09-10_1110,ebe178569b0ced0341ba59ef1dac27eb93b3e077fd8a809a47b21e074f68b8fd,2541238,3648,2736,horizontal,1.333,0.53,Sim,Canon Canon PowerShot SX540 HS,Nao,2019-06-20,2019,EXIF,Sim,983.4,5.0,Tiago,Tiago,bloco da mae,Captando o pôr-de-sol,proxies/ebe178569b0c.jpg,C:\casamento-video-media\trabalho\00-ORIGINAL-MAE\wetransfer_fotos_2026-09-10_1110\IMG_3576.JPG,
f0268,IMG_3835.jpg,00-ORIGINAL-MAE/wetransfer_fotos_2026-09-10_1110,01e5cfd2054eb921667a224a799b87c5842dc6386c29e6349801bcf8c87a8266,2493049,4000,3000,horizontal,1.333,0.48,Sim,samsung SM-A226B,Nao,2026-08-26,2026,EXIF,Sim,446.4,8.0,Clara,Clara,bloco da mae,"Em Lanzarote, com Pilar del Río.",proxies/01e5cfd2054e.jpg,C:\casamento-video-media\trabalho\00-ORIGINAL-MAE\wetransfer_fotos_2026-09-10_1110\IMG_3835.jpg,
f0269,IMG_4073.JPG,00-ORIGINAL-MAE/wetransfer_fotos_2026-09-10_1110,e28c8569e880c0944dd734ce859a7120b5109fd381ce9efe2da23e5aae2616a7,2826845,3264,2448,horizontal,1.333,0.59,Sim,Canon Canon PowerShot SX100 IS,Nao,2014-09-27,2014,EXIF,Sim,1212.4,5.0,O encontro,Ambos,bloco da mae,,proxies/e28c8569e880.jpg,C:\casamento-video-media\trabalho\00-ORIGINAL-MAE\wetransfer_fotos_2026-09-10_1110\IMG_4073.JPG,
f0270,IMG_4224.JPG,00-ORIGINAL-MAE/wetransfer_fotos_2026-09-10_1110,e9125e7e23332e96927d5f8f9580d608340f96bebed0a273fe9062f54d217fa2,2265323,3648,2736,horizontal,1.333,0.53,Sim,Canon Canon PowerShot SX540 HS,Nao,2026-08-26,2026,EXIF,Sim,582.9,9.0,Familia,Familia,bloco da mae,"O pai: -Clara, já vais outra vez em excesso de velocidade! O irmão: -Ela é uma Fora-da-Lei...",proxies/e9125e7e2333.jpg,C:\casamento-video-media\trabalho\00-ORIGINAL-MAE\wetransfer_fotos_2026-09-10_1110\IMG_4224.JPG,
f0271,IMG_4277 (3) (1).jpg,00-ORIGINAL-MAE/wetransfer_fotos_2026-09-10_1110,09f0cd573875e63e69e1c0a094b8beecaa844c07822a1da86a27f87ca70a58ef,1783679,2576,1932,horizontal,1.333,0.75,Sim,samsung SM-J510FN,Nao,2019-06-28,2019,EXIF,Sim,1273.9,5.0,Cumplicidades,Ambos,bloco da mae,,proxies/09f0cd573875.jpg,C:\casamento-video-media\trabalho\00-ORIGINAL-MAE\wetransfer_fotos_2026-09-10_1110\IMG_4277 (3) (1).jpg,
f0272,IMG_4362.JPG,00-ORIGINAL-MAE/wetransfer_fotos_2026-09-10_1110,4b155304b31d1dbe4438f6c7a421d9bf4e4ae5cda221822846079476c6282479,1929067,3648,2736,horizontal,1.333,0.53,Sim,Canon Canon PowerShot SX540 HS,Nao,,,,Sim,417.9,5.0,Clara,Clara,bloco da mae,Em Frankfurt / Em Bratislava,proxies/4b155304b31d.jpg,C:\casamento-video-media\trabalho\00-ORIGINAL-MAE\wetransfer_fotos_2026-09-10_1110\IMG_4362.JPG,ano por determinar
f0273,IMG_4425.JPG,00-ORIGINAL-MAE/wetransfer_fotos_2026-09-10_1110,d32b208f781d4e9366a30610ac09af45d69ac27acbd47311dc65a1e64418571f,204409,460,1272,vertical,0.362,4.17,Nao,Canon Canon PowerShot SX540 HS,Nao,,2019,Tiago (indicativo),Sim,1302.9,6.0,Cumplicidades,Ambos,bloco da mae,,proxies/d32b208f781d.jpg,C:\casamento-video-media\trabalho\00-ORIGINAL-MAE\wetransfer_fotos_2026-09-10_1110\IMG_4425.JPG,upscale forte; ano por determinar
f0274,IMG_4477.JPG,00-ORIGINAL-MAE/wetransfer_fotos_2026-09-10_1110,b95f4250fef2cab1989591edc3379372f963b1aa01987fec37d1038bb7fc4340,2391853,3648,2736,horizontal,1.333,0.53,Sim,Canon Canon PowerShot SX540 HS,Nao,2026-08-26,2026,EXIF,Sim,463.9,7.0,Clara,Clara,bloco da mae,"Férias 2026, nas ilhas também se costuma trabalhar bem... / Caminhadas pelo Parque das Serras do Porto",proxies/b95f4250fef2.jpg,C:\casamento-video-media\trabalho\00-ORIGINAL-MAE\wetransfer_fotos_2026-09-10_1110\IMG_4477.JPG,
f0275,IMG_4490 (16).jpg,00-ORIGINAL-MAE/wetransfer_fotos_2026-09-10_1110,17be598bc520454ca893a29e049644442889a91800f8698324a0b079da9be0b5,4302695,4128,3096,horizontal,1.333,0.47,Sim,samsung SM-J510FN,Nao,2018-05-11,2018,EXIF,Sim,1299.4,5.0,Cumplicidades,Ambos,bloco da mae,,proxies/17be598bc520.jpg,C:\casamento-video-media\trabalho\00-ORIGINAL-MAE\wetransfer_fotos_2026-09-10_1110\IMG_4490 (16).jpg,
f0276,IMG_4490 (3).jpg,00-ORIGINAL-MAE/wetransfer_fotos_2026-09-10_1110,ee992b1f98591c3b890a1a37feef08195eed2c67c3d7bd7ccebfea17f9fbe22f,1327646,2576,1932,horizontal,1.333,0.75,Sim,samsung SM-J510FN,Nao,2018-05-11,2018,EXIF,Sim,1270.4,5.0,Cumplicidades,Ambos,bloco da mae,,proxies/ee992b1f9859.jpg,C:\casamento-video-media\trabalho\00-ORIGINAL-MAE\wetransfer_fotos_2026-09-10_1110\IMG_4490 (3).jpg,
f0277,IMG_4517.JPG,00-ORIGINAL-MAE/wetransfer_fotos_2026-09-10_1110,da64c19cd2143c0d9702d3d04e2dba33585f8c99f3c06133d193fc51bdcf6b37,2869517,3648,2736,horizontal,1.333,0.53,Sim,Canon Canon PowerShot SX540 HS,Nao,2019-06-28,2019,EXIF,Sim,988.4,4.0,Tiago,Tiago,bloco da mae,,proxies/da64c19cd214.jpg,C:\casamento-video-media\trabalho\00-ORIGINAL-MAE\wetransfer_fotos_2026-09-10_1110\IMG_4517.JPG,
f0278,IMG_4541.JPG,00-ORIGINAL-MAE/wetransfer_fotos_2026-09-10_1110,98dbfa865ed04757e70dcccff1fb380dd3ed8c6bcddef4006acc0d07d2590396,2115063,2409,3647,vertical,0.661,0.8,Sim,Canon Canon PowerShot SX540 HS,Nao,2018-05-16,2018,EXIF,Sim,995.4,7.0,Tiago,Tiago,bloco da mae,"Em Londres, no Museu Madame Tussauds, com Bolt.",proxies/98dbfa865ed0.jpg,C:\casamento-video-media\trabalho\00-ORIGINAL-MAE\wetransfer_fotos_2026-09-10_1110\IMG_4541.JPG,
f0279,IMG_4542.JPG,00-ORIGINAL-MAE/wetransfer_fotos_2026-09-10_1110,65e3355a988831c00a76683232c3bb1d4822641e23b147f39838b9f70c3239ce,3277723,2736,3648,vertical,0.75,0.7,Sim,Canon Canon PowerShot SX540 HS,Nao,2018-05-11,2018,EXIF,Sim,1000.9,6.0,Tiago,Tiago,bloco da mae,E com Ronaldo,proxies/65e3355a9888.jpg,C:\casamento-video-media\trabalho\00-ORIGINAL-MAE\wetransfer_fotos_2026-09-10_1110\IMG_4542.JPG,
f0280,IMG_4601(7).jpg,00-ORIGINAL-MAE/wetransfer_fotos_2026-09-10_1110,d8caedf3d20afdf192eadf8beaf762084fd8cd8acd2bf910fb851662d81e1b3f,7966608,4608,3456,horizontal,1.333,0.42,Sim,samsung SM-A600FN,Nao,2019-06-30,2019,EXIF,Sim,844.4,5.0,Tiago,Tiago,bloco da mae,... De cerveja,proxies/d8caedf3d20a.jpg,C:\casamento-video-media\trabalho\00-ORIGINAL-MAE\wetransfer_fotos_2026-09-10_1110\IMG_4601(7).jpg,
f0281,IMG_4751.JPG,00-ORIGINAL-MAE/wetransfer_fotos_2026-09-10_1110,eed06a8b83f0b6252dc02773205b0427da30f5627deb795b45371ed42d955e4d,2594390,3648,2736,horizontal,1.333,0.53,Sim,Canon Canon PowerShot SX540 HS,Nao,2018-05-11,2018,EXIF,Nao,,,,,,,proxies/eed06a8b83f0.jpg,C:\casamento-video-media\trabalho\00-ORIGINAL-MAE\wetransfer_fotos_2026-09-10_1110\IMG_4751.JPG,
f0282,IMG_6240.jpeg,00-ORIGINAL-MAE/wetransfer_fotos_2026-09-10_1110,fb43f5efad3b046196e57dc18cfc0f07cbf81f4b0c8dd613562df9b940844c59,2797378,3024,4032,vertical,0.75,0.63,Sim,Apple iPhone 13,Nao,2024-09-01,2024,EXIF,Sim,915.9,5.0,Tiago,Tiago,bloco da mae,E com o Miguel,proxies/fb43f5efad3b.jpg,C:\casamento-video-media\trabalho\00-ORIGINAL-MAE\wetransfer_fotos_2026-09-10_1110\IMG_6240.jpeg,
f0283,IMG_6442.JPG,00-ORIGINAL-MAE/wetransfer_fotos_2026-09-10_1110,63493159db1607c7161be7e0da8b2a58ea6737ab2b20b8b5ad704acc05ab3e98,4523513,5184,3888,horizontal,1.333,0.37,Sim,Canon Canon PowerShot SX540 HS,Nao,2025-05-01,2025,EXIF,Sim,1347.4,6.0,Cumplicidades,Ambos,bloco da mae,"Com o Henrique, em Barcelona.",proxies/63493159db16.jpg,C:\casamento-video-media\trabalho\00-ORIGINAL-MAE\wetransfer_fotos_2026-09-10_1110\IMG_6442.JPG,
f0284,IMG_7790.JPG,00-ORIGINAL-MAE/wetransfer_fotos_2026-09-10_1110,0072334def38c6913ba82b0bf8149cb179eeb1022852b5ef30dd2675a95f5f38,2763138,2736,3648,vertical,0.75,0.7,Sim,Canon Canon PowerShot SX540 HS,Nao,2018-08-08,2018,EXIF,Sim,349.4,5.0,Clara,Clara,bloco da mae,Finalista de Direito,proxies/0072334def38.jpg,C:\casamento-video-media\trabalho\00-ORIGINAL-MAE\wetransfer_fotos_2026-09-10_1110\IMG_7790.JPG,
f0285,IMG_7886.jpeg,00-ORIGINAL-MAE/wetransfer_fotos_2026-09-10_1110,8ddd3170e198640604f195b4ca26ce52c707cfd5c53bf265f639ab6743c4fc9a,3038805,4032,3024,horizontal,1.333,0.48,Sim,Apple iPhone 13,Nao,2025-02-19,2025,EXIF,Sim,746.9,5.0,Colegas de trabalho (dela),Amigos,bloco da mae,Hora de almoço / Com a Inês,proxies/8ddd3170e198.jpg,C:\casamento-video-media\trabalho\00-ORIGINAL-MAE\wetransfer_fotos_2026-09-10_1110\IMG_7886.jpeg,
f0286,IMG_8145.jpeg,00-ORIGINAL-MAE/wetransfer_fotos_2026-09-10_1110,1de3e8ea780552cd0fe081cf8f8f57ff5b886e91c44f8a112d5cd2f52635950f,3633247,4032,3024,horizontal,1.333,0.48,Sim,Apple iPhone 13,Nao,2025-03-16,2025,EXIF,Sim,1183.9,6.0,O encontro,Ambos,bloco da mae,No estádio do Boca Juniors,proxies/1de3e8ea7805.jpg,C:\casamento-video-media\trabalho\00-ORIGINAL-MAE\wetransfer_fotos_2026-09-10_1110\IMG_8145.jpeg,
f0287,IMG_8450.jpeg,00-ORIGINAL-MAE/wetransfer_fotos_2026-09-10_1110,796eb5339b71e9df2bf87a4bd4a267dbaac46bed8d94d00b8bcf45b0a566f8a8,3308369,3024,4032,vertical,0.75,0.63,Sim,Apple iPhone 13,Nao,2025-03-18,2025,EXIF,Sim,1005.4,6.0,Tiago,Tiago,bloco da mae,"Em Buenos Aires, no Bairro La Boca.",proxies/796eb5339b71.jpg,C:\casamento-video-media\trabalho\00-ORIGINAL-MAE\wetransfer_fotos_2026-09-10_1110\IMG_8450.jpeg,
f0288,IMG_8594.jpeg,00-ORIGINAL-MAE/wetransfer_fotos_2026-09-10_1110,1ca603cc8405c7baa597fa1b5653713c0b6c5f6e091a6005eb8d0767e68fc8e9,2022698,3688,3024,horizontal,1.22,0.52,Sim,Apple iPhone 13,Nao,2025-03-19,2025,EXIF,Sim,1173.4,5.0,O encontro,Ambos,bloco da mae,Na Argentina. Junto às Cataratas do Iguaçú;,proxies/1ca603cc8405.jpg,C:\casamento-video-media\trabalho\00-ORIGINAL-MAE\wetransfer_fotos_2026-09-10_1110\IMG_8594.jpeg,
f0289,IMG_8848.jpeg,00-ORIGINAL-MAE/wetransfer_fotos_2026-09-10_1110,834159d1e3a23c369b05fad941db2e28d40cd2d29e8a495e0b5d9d4ef8b369f4,2767370,3732,3022,horizontal,1.235,0.51,Sim,Apple iPhone 13,Nao,2025-03-21,2025,EXIF,Sim,1180.4,5.0,O encontro,Ambos,bloco da mae,Em Ushuaia,proxies/834159d1e3a2.jpg,C:\casamento-video-media\trabalho\00-ORIGINAL-MAE\wetransfer_fotos_2026-09-10_1110\IMG_8848.jpeg,
f0290,IMG_9013.JPG,00-ORIGINAL-MAE/wetransfer_fotos_2026-09-10_1110,6076be1158351ffd768db64a1942ca967ddeff1d09083d8b960284f78f61f063,1066096,2281,2687,vertical,0.849,0.84,Sim,Canon Canon PowerShot SX540 HS,Nao,,,,Sim,672.9,6.0,Amigos e colegas,Amigos,bloco da mae,E da Faculdade,proxies/6076be115835.jpg,C:\casamento-video-media\trabalho\00-ORIGINAL-MAE\wetransfer_fotos_2026-09-10_1110\IMG_9013.JPG,ano por determinar
f0291,IMG_9062.jpeg,00-ORIGINAL-MAE/wetransfer_fotos_2026-09-10_1110,ca966725a6427729fa6ec6e5613f3e75b4eb7df60e3850253a9a263115bc2890,2068370,3021,3427,vertical,0.882,0.64,Sim,Apple iPhone 13,Nao,2025-03-21,2025,EXIF,Sim,1176.9,5.0,O encontro,Ambos,bloco da mae,"Na Patagónia, junto a uma colónia de pinguins.",proxies/ca966725a642.jpg,C:\casamento-video-media\trabalho\00-ORIGINAL-MAE\wetransfer_fotos_2026-09-10_1110\IMG_9062.jpeg,
f0292,IMG_9097.JPG,00-ORIGINAL-MAE/wetransfer_fotos_2026-09-10_1110,cc9d76afa1cf1d97567047669e6a3a805b98e0c59642737aa4c6d851e4941c3b,5041562,3648,2736,horizontal,1.333,0.53,Sim,Canon Canon PowerShot SX540 HS,Nao,2018-09-08,2018,EXIF,Sim,1168.9,6.0,O encontro,Ambos,bloco da mae,No Gerês,proxies/cc9d76afa1cf.jpg,C:\casamento-video-media\trabalho\00-ORIGINAL-MAE\wetransfer_fotos_2026-09-10_1110\IMG_9097.JPG,
f0293,IMG_9283 (1).jpg,00-ORIGINAL-MAE/wetransfer_fotos_2026-09-10_1110,59893116eae2cf83d5709953016502f68c2bf9c8c7f01268730abd984eede14c,1837485,2576,1932,horizontal,1.333,0.75,Sim,samsung SM-J510FN,Nao,2018-09-11,2018,EXIF,Sim,1131.9,5.0,O encontro,Ambos,bloco da mae,,proxies/59893116eae2.jpg,C:\casamento-video-media\trabalho\00-ORIGINAL-MAE\wetransfer_fotos_2026-09-10_1110\IMG_9283 (1).jpg,
f0294,IMG_9594.jpeg,00-ORIGINAL-MAE/wetransfer_fotos_2026-09-10_1110,20944a3a1dd7bcf578a9a5a765bf4d7422063b64a3427f9d253709177d62a344,3316103,3024,4032,vertical,0.75,0.63,Sim,Apple iPhone 13,Nao,2025-03-23,2025,EXIF,Nao,,,,,,,proxies/20944a3a1dd7.jpg,C:\casamento-video-media\trabalho\00-ORIGINAL-MAE\wetransfer_fotos_2026-09-10_1110\IMG_9594.jpeg,
f0295,IMG_9648.jpeg,00-ORIGINAL-MAE/wetransfer_fotos_2026-09-10_1110,cd89cd9bdd29a684d5c16ef8e4e9d50721e0e94e83005630eed755787fee773c,2808416,4032,3024,horizontal,1.333,0.48,Sim,Apple iPhone 13,Nao,2025-03-23,2025,EXIF,Sim,1009.9,6.0,Tiago,Tiago,bloco da mae,"Empurrando um glaciar (Perito Moreno, na Argentina)",proxies/cd89cd9bdd29.jpg,C:\casamento-video-media\trabalho\00-ORIGINAL-MAE\wetransfer_fotos_2026-09-10_1110\IMG_9648.jpeg,
f0296,Porto (10).JPG,00-ORIGINAL-MAE/wetransfer_fotos_2026-09-10_1110,6da0c4977d36c0bc453dbedf949d005cd052bef2a86bb473a0135d6d951a0058,1994505,3456,3456,quadrada,1.0,0.56,Sim,Canon Canon EOS 600D,Nao,,2012,Tiago (indicativo),Sim,858.4,5.0,Tiago,Tiago,bloco da mae,,proxies/6da0c4977d36.jpg,C:\casamento-video-media\trabalho\00-ORIGINAL-MAE\wetransfer_fotos_2026-09-10_1110\Porto (10).JPG,ano por determinar
f0297,Scanner_20260606 (17).jpg,00-ORIGINAL-MAE/wetransfer_fotos_2026-09-10_1110,8f0bfec054a81f8acd2fa126a84f3875c53ddc67aebcfff91ffa5004198dfbf3,199885,1196,803,horizontal,1.489,1.61,Nao,,Nao,,2026,nome do ficheiro,Sim,1196.4,6.0,O encontro,Ambos,bloco da mae,E pelo futebol em geral,proxies/8f0bfec054a8.jpg,C:\casamento-video-media\trabalho\00-ORIGINAL-MAE\wetransfer_fotos_2026-09-10_1110\Scanner_20260606 (17).jpg,
f0298,Scanner_20260814.jpg,00-ORIGINAL-MAE/wetransfer_fotos_2026-09-10_1110,7ca4801813b0ec6ec67077b273b42f46e4783629ddd80d4dfaabb50ae9557b0d,194915,998,651,horizontal,1.533,1.92,Nao,,Nao,,2026,nome do ficheiro,Sim,253.4,6.0,Clara,Clara,bloco da mae,É desde sempre apaixonada por cães,proxies/7ca4801813b0.jpg,C:\casamento-video-media\trabalho\00-ORIGINAL-MAE\wetransfer_fotos_2026-09-10_1110\Scanner_20260814.jpg,
f0299,WhatsApp Image 2021-11-15 at 18.54.22.jpeg,00-ORIGINAL-MAE/wetransfer_fotos_2026-09-10_1110,607cf4d2b3a0e34f0fd6823899b6be72ef73d572bc75a4e751688396cdd2a6b0,199106,2048,1536,horizontal,1.333,0.94,Sim,,Nao,,2021,nome do ficheiro,Sim,664.9,6.0,Amigos e colegas,Amigos,bloco da mae,Com amigos da Secundária...,proxies/607cf4d2b3a0.jpg,C:\casamento-video-media\trabalho\00-ORIGINAL-MAE\wetransfer_fotos_2026-09-10_1110\WhatsApp Image 2021-11-15 at 18.54.22.jpeg,
f0300,WhatsApp Image 2025-10-10 at 14.45.56 (1).jpeg,00-ORIGINAL-MAE/wetransfer_fotos_2026-09-10_1110,09dd733769389283a87317b124ebda404e9c840a195ad7c62d3dcc3c7fad9758,163370,1200,1600,vertical,0.75,1.6,Nao,,Nao,,2025,nome do ficheiro,Sim,739.9,5.0,Colegas de trabalho (dela),Amigos,bloco da mae,A Task Force de Corporate,proxies/09dd73376938.jpg,C:\casamento-video-media\trabalho\00-ORIGINAL-MAE\wetransfer_fotos_2026-09-10_1110\WhatsApp Image 2025-10-10 at 14.45.56 (1).jpeg,
f0301,WhatsApp Image 2025-10-10 at 14.45.56.jpeg,00-ORIGINAL-MAE/wetransfer_fotos_2026-09-10_1110,9ab14c6532c600aa3ca580280c8e92a8618abf16984201fde9da442144bf4fbf,201664,1200,1600,vertical,0.75,1.6,Nao,,Nao,,2025,nome do ficheiro,Sim,743.4,5.0,Colegas de trabalho (dela),Amigos,bloco da mae,,proxies/9ab14c6532c6.jpg,C:\casamento-video-media\trabalho\00-ORIGINAL-MAE\wetransfer_fotos_2026-09-10_1110\WhatsApp Image 2025-10-10 at 14.45.56.jpeg,
f0302,WhatsApp Image 2026-03-01 at 13.30.02.jpeg,00-ORIGINAL-MAE/wetransfer_fotos_2026-09-10_1110,0923125a86a33e2e84dbf56ab8896ec209421a45215013ed445fc3d2afdb1a44,347764,1600,1135,horizontal,1.41,1.2,Nao,,Nao,,2026,nome do ficheiro,Sim,1389.4,12.5,Cumplicidades,Ambos,bloco da mae,,proxies/0923125a86a3.jpg,C:\casamento-video-media\trabalho\00-ORIGINAL-MAE\wetransfer_fotos_2026-09-10_1110\WhatsApp Image 2026-03-01 at 13.30.02.jpeg,
f0303,WhatsApp Image 2026-05-02 at 20.16.23.jpeg,00-ORIGINAL-MAE/wetransfer_fotos_2026-09-10_1110,cca7b4cf4489530ed783356a2f54552e23558ae60fcc708617b074c3c9a0ff19,735408,1536,2048,vertical,0.75,1.25,Nao,,Nao,,2026,nome do ficheiro,Nao,,,,,,,proxies/cca7b4cf4489.jpg,C:\casamento-video-media\trabalho\00-ORIGINAL-MAE\wetransfer_fotos_2026-09-10_1110\WhatsApp Image 2026-05-02 at 20.16.23.jpeg,
f0304,WhatsApp Image 2026-08-21 at 16.10.19.jpeg,00-ORIGINAL-MAE/wetransfer_fotos_2026-09-10_1110,0df11c97eb9cf86210437f122ddbde6054b416240b2929f46de8269d6d05f2c0,269451,1200,1600,vertical,0.75,1.6,Nao,,Nao,,2026,nome do ficheiro,Sim,1380.4,7.0,Cumplicidades,Ambos,bloco da mae,"Voo de despedida de solteira, deixaram- na sonhar com uma condução a sério.",proxies/0df11c97eb9c.jpg,C:\casamento-video-media\trabalho\00-ORIGINAL-MAE\wetransfer_fotos_2026-09-10_1110\WhatsApp Image 2026-08-21 at 16.10.19.jpeg,
f0305,WhatsApp Image 2026-08-22 at 11.12.02.jpeg,00-ORIGINAL-MAE/wetransfer_fotos_2026-09-10_1110,1d0cdb84e99fdcecea258f62edde93b3dfc97331e72eef461e61a3a748422384,199723,900,1600,vertical,0.562,2.13,Nao,,Nao,,2026,nome do ficheiro,Sim,1385.9,5.0,Cumplicidades,Ambos,bloco da mae,,proxies/1d0cdb84e99f.jpg,C:\casamento-video-media\trabalho\00-ORIGINAL-MAE\wetransfer_fotos_2026-09-10_1110\WhatsApp Image 2026-08-22 at 11.12.02.jpeg,upscale forte
f0306,WP_20150912_18_28_43_Pro.jpg,00-ORIGINAL-MAE/wetransfer_fotos_2026-09-10_1110,4624af7fc444304f9635ce70ef4823e1c85e4b18c97b1dd6f77d3b39c428ab61,426095,1077,1918,vertical,0.562,1.78,Nao,Microsoft Lumia 535,Nao,2015-09-13,2015,EXIF,Sim,877.9,4.0,Tiago,Tiago,bloco da mae,,proxies/4624af7fc444.jpg,C:\casamento-video-media\trabalho\00-ORIGINAL-MAE\wetransfer_fotos_2026-09-10_1110\WP_20150912_18_28_43_Pro.jpg,
f0307,2014_Tiago_Nacionais_fep.jpg,01-NOVAS/Amigos Tiago,07f87732105cada46563c4401b6e0ec0687c010bd51ed97e1f8babffe47973ca,83580,960,720,horizontal,1.333,2.0,Nao,,Nao,,2014,nome dado pelo Tiago,Nao,,,,Amigos,pasta do Tiago,,proxies/07f87732105c.jpg,C:\casamento-video-media\trabalho\01-NOVAS\Amigos Tiago\2014_Tiago_Nacionais_fep.jpg,
f0308,2016_Clara_impoe_insignias_tiago.jpg,01-NOVAS/Amigos Tiago,de9444cc1f0ed7ab29e3daf8663024627a83d12753783f9b971e53feae0ced06,173099,2048,1269,horizontal,1.614,0.94,Sim,,Nao,,2016,nome dado pelo Tiago,Nao,,,,Amigos,pasta do Tiago,,proxies/de9444cc1f0e.jpg,C:\casamento-video-media\trabalho\01-NOVAS\Amigos Tiago\2016_Clara_impoe_insignias_tiago.jpg,
f0309,2016_tIAGO_AMIGOS_FACULDADE.jpg,01-NOVAS/Amigos Tiago,40cd272afa851d391cab320f9ed6d19095dbfa48cfdce6f407933682b9734ee0,73629,1080,810,horizontal,1.333,1.78,Nao,,Nao,,2016,nome dado pelo Tiago,Nao,,,,Amigos,pasta do Tiago,,proxies/40cd272afa85.jpg,C:\casamento-video-media\trabalho\01-NOVAS\Amigos Tiago\2016_tIAGO_AMIGOS_FACULDADE.jpg,
f0310,2016_tIAGO_AMIGOS_FACULDADE_2_ficar_ape-nas_com_a_foto_no_canto_superior_esquerdo_onde_esta_o tiago.jpg,01-NOVAS/Amigos Tiago,90636e32104f836ace9fbc0a2da007173e37698fbcbf6128f5e582324d5919d3,266168,1200,1200,quadrada,1.0,1.6,Nao,,Nao,,2016,nome dado pelo Tiago,Nao,,,,Amigos,pasta do Tiago,,proxies/90636e32104f.jpg,C:\casamento-video-media\trabalho\01-NOVAS\Amigos Tiago\2016_tIAGO_AMIGOS_FACULDADE_2_ficar_ape-nas_com_a_foto_no_canto_superior_esquerdo_onde_esta_o tiago.jpg,instrucao do Tiago no nome: 2016 tIAGO AMIGOS FACULDADE 2 ficar ape-nas com a foto no canto superior esquerdo onde esta o tiago
f0311,2016_TiaGO_AMIGOS_TRABALHO_PWC_VIDEO_NATAL.jpg,01-NOVAS/Amigos Tiago,37ea6e355f07020ccbdac4a73e3ebfbca8bb6eaa0a31993d03b6036ef799a6cf,104313,1080,1349,vertical,0.801,1.78,Nao,,Nao,,2016,nome dado pelo Tiago,Nao,,,,Amigos,pasta do Tiago,,proxies/37ea6e355f07.jpg,C:\casamento-video-media\trabalho\01-NOVAS\Amigos Tiago\2016_TiaGO_AMIGOS_TRABALHO_PWC_VIDEO_NATAL.jpg,
f0312,2016_tIAGO_ANDEBOL_FACULDADE.jpg,01-NOVAS/Amigos Tiago,85f9e09eec399bff71621e6fca0112d415753d0fccd9245c93f7483842e25d27,161374,1140,628,horizontal,1.815,1.72,Nao,,Nao,,2016,nome dado pelo Tiago,Nao,,,,Amigos,pasta do Tiago,,proxies/85f9e09eec39.jpg,C:\casamento-video-media\trabalho\01-NOVAS\Amigos Tiago\2016_tIAGO_ANDEBOL_FACULDADE.jpg,
f0313,2018_TiaGO_AMIGOS_TRABALHO_PWC_VIAGEM_ANGOLA.jpg,01-NOVAS/Amigos Tiago,914344f3f8fb1add5b083a11d619dafadb3f60c87ffa20fcff37cad99960c0b1,63925,960,619,horizontal,1.551,2.0,Nao,,Nao,,2018,nome dado pelo Tiago,Nao,,,,Amigos,pasta do Tiago,,proxies/914344f3f8fb.jpg,C:\casamento-video-media\trabalho\01-NOVAS\Amigos Tiago\2018_TiaGO_AMIGOS_TRABALHO_PWC_VIAGEM_ANGOLA.jpg,
f0314,Ebru_E_CBC.jpg,01-NOVAS/Amigos Tiago,c8a254cee5cb09a10d087a292562dafa09c5a3141688cb80deddd6d7f119b7ff,63013,1024,789,horizontal,1.298,1.88,Nao,,Nao,,,,Nao,,,,Amigos,pasta do Tiago,,proxies/c8a254cee5cb.jpg,C:\casamento-video-media\trabalho\01-NOVAS\Amigos Tiago\Ebru_E_CBC.jpg,ano por determinar
f0315,José_Tiago_Em_preparacao_corridas.jpg,01-NOVAS/Amigos Tiago,b755022405bb128eec34e96716dcd7c4c8741745417f8f7b8d3271309cabbde8,5206788,5184,3888,horizontal,1.333,0.37,Sim,Xiaomi POCO F6,Nao,2026-01-23,2026,EXIF,Nao,,,,Amigos,pasta do Tiago,,proxies/b755022405bb.jpg,C:\casamento-video-media\trabalho\01-NOVAS\Amigos Tiago\José_Tiago_Em_preparacao_corridas.jpg,
f0316,Pedro_Passeio_com_golias_por_perto.jpg,01-NOVAS/Amigos Tiago,48890942d15d436038dc86bd28997788a70b810c208d4345ba12fa5e638967c9,138830,1600,1201,horizontal,1.332,1.2,Nao,,Nao,,,,Nao,,,,Amigos,pasta do Tiago,,proxies/48890942d15d.jpg,C:\casamento-video-media\trabalho\01-NOVAS\Amigos Tiago\Pedro_Passeio_com_golias_por_perto.jpg,ano por determinar
f0317,2025_Clara_a_trabalhar_iguaçu.jpg,01-NOVAS/Clara,8faed3a206eb69e372b7c1d1540808a58a6fb30a1686f3807f57ca5de9149463,2944901,4096,3072,horizontal,1.333,0.47,Sim,Xiaomi 24069PC21G,Nao,2025-03-22,2025,EXIF,Nao,,,,Clara,pasta do Tiago,,proxies/8faed3a206eb.jpg,C:\casamento-video-media\trabalho\01-NOVAS\Clara\2025_Clara_a_trabalhar_iguaçu.jpg,
f0318,Clara_bebe_cerveja.jpg,01-NOVAS/Clara,d8d3d625de23e974f1e9e4259d16f959127535b70bb10ee483f4d85bc0b27115,413414,1600,1200,horizontal,1.333,1.2,Nao,,Nao,,,,Nao,,,,Clara,pasta do Tiago,,proxies/d8d3d625de23.jpg,C:\casamento-video-media\trabalho\01-NOVAS\Clara\Clara_bebe_cerveja.jpg,ano por determinar
f0319,IMG-20220807-WA0105.jpg,01-NOVAS/Clara,23d789037898c9c4d2dce55b93cc68548937af86becc69fd5c972320b388f279,489169,1600,1067,horizontal,1.5,1.2,Nao,,Nao,,2022,nome do ficheiro,Nao,,,,Clara,pasta do Tiago,,proxies/23d789037898.jpg,C:\casamento-video-media\trabalho\01-NOVAS\Clara\IMG-20220807-WA0105.jpg,
f0320,IMG-20220829-WA0002.jpg,01-NOVAS/Clara,aee47a2ad75de88847d750862ca5bbea4f11b87150c33aed6cb20ebcd98e7f5e,596672,1600,1200,horizontal,1.333,1.2,Nao,,Nao,,2022,nome do ficheiro,Nao,,,,Clara,pasta do Tiago,,proxies/aee47a2ad75d.jpg,C:\casamento-video-media\trabalho\01-NOVAS\Clara\IMG-20220829-WA0002.jpg,
f0321,IMG_20240929_103808-POP_OUT.jpg,01-NOVAS/Clara,f4d50f2285ebf78d36393eacdf8a32267ac282ed9c39d6691217c7bbf45397a9,374271,2160,3240,vertical,0.667,0.89,Sim,,Nao,,2024,nome do ficheiro,Nao,,,,Clara,pasta do Tiago,,proxies/f4d50f2285eb.jpg,C:\casamento-video-media\trabalho\01-NOVAS\Clara\IMG_20240929_103808-POP_OUT.jpg,
f0322,Clara_e_irmao_a_dormir.jpg,01-NOVAS/Clara_Familia,550d5fc744dc8174bc62fb09b5c7b72ab6fe5aea7f9456098767d2a6851c334e,4950007,3072,4096,vertical,0.75,0.62,Sim,Xiaomi POCO F6,Nao,2025-11-30,2025,EXIF,Nao,,,,Familia,pasta do Tiago,,proxies/550d5fc744dc.jpg,C:\casamento-video-media\trabalho\01-NOVAS\Clara_Familia\Clara_e_irmao_a_dormir.jpg,
f0323,Clara_e_mae_e_irmao_fotografo.jpg,01-NOVAS/Clara_Familia,1e241b3b7639198582e6e3db33c13b4918ca876c1f417ea932684174af8e4f1e,3642403,3072,4096,vertical,0.75,0.62,Sim,Xiaomi POCO F6,Nao,2025-11-29,2025,EXIF,Nao,,,,Familia,pasta do Tiago,,proxies/1e241b3b7639.jpg,C:\casamento-video-media\trabalho\01-NOVAS\Clara_Familia\Clara_e_mae_e_irmao_fotografo.jpg,
f0324,clara_e_padrinho_a_rir.jpg,01-NOVAS/Clara_Familia,fc46895562762d0fe7bcfd8ddf9efb124af5ec36d2384436998a9e047c14c14b,441534,1436,1600,vertical,0.897,1.34,Nao,,Nao,,,,Nao,,,,Familia,pasta do Tiago,,proxies/fc4689556276.jpg,C:\casamento-video-media\trabalho\01-NOVAS\Clara_Familia\clara_e_padrinho_a_rir.jpg,ano por determinar
f0325,2014_cLARA_E_TIAGO_30set.jpg,01-NOVAS/Clara_Tiago,dfe315034c77bd0e4234d8c0fac71aad7b1ee22ac93ad2a9f081708363cbba01,374083,2048,1368,horizontal,1.497,0.94,Sim,,Nao,,2014,nome dado pelo Tiago,Nao,,,,Ambos,pasta do Tiago,,proxies/dfe315034c77.jpg,C:\casamento-video-media\trabalho\01-NOVAS\Clara_Tiago\2014_cLARA_E_TIAGO_30set.jpg,
f0326,2014_cLARA_E_TIAGO_Rockinrio.jpg,01-NOVAS/Clara_Tiago,0e15c1a99e76acd3f990651dae401d6d4ba7f7d73a5e491b11743e0e5b704ca9,220959,1368,2048,vertical,0.668,1.4,Nao,,Nao,,2014,nome dado pelo Tiago,Nao,,,,Ambos,pasta do Tiago,,proxies/0e15c1a99e76.jpg,C:\casamento-video-media\trabalho\01-NOVAS\Clara_Tiago\2014_cLARA_E_TIAGO_Rockinrio.jpg,
f0327,2015_cLARA_E_TIAGO_30agosto.jpg,01-NOVAS/Clara_Tiago,1db4bfa82886e5658ef6295d9134dd0a666c702a01e99cc066cc59d10e277022,339429,1918,1077,horizontal,1.781,1.0,Nao,,Nao,,2015,nome dado pelo Tiago,Nao,,,,Ambos,pasta do Tiago,,proxies/1db4bfa82886.jpg,C:\casamento-video-media\trabalho\01-NOVAS\Clara_Tiago\2015_cLARA_E_TIAGO_30agosto.jpg,
f0328,2016_Clara_TIAGO_pRIMEIRA_VIAGEM_PENICHE.jpg,01-NOVAS/Clara_Tiago,17fee17b1b3609c088e241c0c2834dddeb78e58910297f98f387082e57a472f1,385698,2048,1536,horizontal,1.333,0.94,Sim,,Nao,,2016,nome dado pelo Tiago,Nao,,,,Ambos,pasta do Tiago,,proxies/17fee17b1b36.jpg,C:\casamento-video-media\trabalho\01-NOVAS\Clara_Tiago\2016_Clara_TIAGO_pRIMEIRA_VIAGEM_PENICHE.jpg,
f0329,2018_cLARA_E_TIAGO_PASSEIO.jpg,01-NOVAS/Clara_Tiago,6701ab09236c1b21b1363158b1056917e7fbbe119244845228d1c229641d03fd,263753,1508,1264,horizontal,1.193,1.27,Nao,,Nao,,2018,nome dado pelo Tiago,Nao,,,,Ambos,pasta do Tiago,,proxies/6701ab09236c.jpg,C:\casamento-video-media\trabalho\01-NOVAS\Clara_Tiago\2018_cLARA_E_TIAGO_PASSEIO.jpg,
f0330,20230726_131448_Nice_2023.jpg,01-NOVAS/Clara_Tiago,ab2178153edaf6f20ae6872accad89b6fae0ae6bf9631d1927088adef7ffc60d,3902333,4000,3000,horizontal,1.333,0.48,Sim,samsung SM-A515F,Nao,2023-07-26,2023,EXIF,Nao,,,,Ambos,pasta do Tiago,,proxies/ab2178153eda.jpg,C:\casamento-video-media\trabalho\01-NOVAS\Clara_Tiago\20230726_131448_Nice_2023.jpg,
f0331,IMG_20250319_131901.jpg,01-NOVAS/Clara_Tiago,a97bf2665056597bf861a4a00c8523b8076ef8264804ee889a60a04be97415ec,4164266,5184,3888,horizontal,1.333,0.37,Sim,Xiaomi 24069PC21G,Nao,2025-03-19,2025,EXIF,Nao,,,,Ambos,pasta do Tiago,,proxies/a97bf2665056.jpg,C:\casamento-video-media\trabalho\01-NOVAS\Clara_Tiago\IMG_20250319_131901.jpg,
f0332,2011_Tiago_e_clara_aniversario_CLARA_POUCO_ANTES_DE_COMEÇAR_A_NAMORAR.jpg,01-NOVAS/Clara_Tiago_e_amigos,dd5b18b32b8d5f8a70258384da226f2177166c6f97c592bf91b3f89c3977c556,247301,2048,1536,horizontal,1.333,0.94,Sim,,Nao,,2011,nome dado pelo Tiago,Nao,,,,Ambos,pasta do Tiago,,proxies/dd5b18b32b8d.jpg,C:\casamento-video-media\trabalho\01-NOVAS\Clara_Tiago_e_amigos\2011_Tiago_e_clara_aniversario_CLARA_POUCO_ANTES_DE_COMEÇAR_A_NAMORAR.jpg,
f0333,"2012_Universidade_Junior_Clara e Tiago_2 meses apos começo_há pessoas a cortar, talvez manter apenas a Sandra, remover o miguel.jpg",01-NOVAS/Clara_Tiago_e_amigos,41e53d691e53be961c09124e2c1ad0f588c38fa2c89bbcc896313573854101c3,597006,2048,1536,horizontal,1.333,0.94,Sim,,Nao,,2012,nome dado pelo Tiago,Nao,,,,Ambos,pasta do Tiago,,proxies/41e53d691e53.jpg,"C:\casamento-video-media\trabalho\01-NOVAS\Clara_Tiago_e_amigos\2012_Universidade_Junior_Clara e Tiago_2 meses apos começo_há pessoas a cortar, talvez manter apenas a Sandra, remover o miguel.jpg","instrucao do Tiago no nome: 2012 Universidade Junior Clara e Tiago 2 meses apos começo há pessoas a cortar, talvez manter apenas a Sandra, remover o miguel"
f0334,2013_Tiago_e_clara_aniversario_gabriel_amigos secundario.jpg,01-NOVAS/Clara_Tiago_e_amigos,9f1cdf40eb8bf010334067d756043c14f286af5a3c0a6f9e1889d5df0d6822fa,286645,2048,1536,horizontal,1.333,0.94,Sim,,Nao,,2013,nome dado pelo Tiago,Nao,,,,Ambos,pasta do Tiago,,proxies/9f1cdf40eb8b.jpg,C:\casamento-video-media\trabalho\01-NOVAS\Clara_Tiago_e_amigos\2013_Tiago_e_clara_aniversario_gabriel_amigos secundario.jpg,
f0335,2013_Tiago_Na_latada_da_Clara_amigos secundario.jpg,01-NOVAS/Clara_Tiago_e_amigos,3c7e78da69c372f8b346aafe7634340d4d226b63fb6a0b6d3e68ebf73cbb9b22,259801,2048,1536,horizontal,1.333,0.94,Sim,,Nao,,2013,nome dado pelo Tiago,Nao,,,,Ambos,pasta do Tiago,,proxies/3c7e78da69c3.jpg,C:\casamento-video-media\trabalho\01-NOVAS\Clara_Tiago_e_amigos\2013_Tiago_Na_latada_da_Clara_amigos secundario.jpg,
f0336,2015_CLARA_TIAGO_AMIGOS_SECUNDARIO.jpg,01-NOVAS/Clara_Tiago_e_amigos,e63cfdf78bfb4b975b20de640f8f8aca0117b0deaf47c80837714b98e950a7b8,28858,640,480,horizontal,1.333,3.0,Nao,,Nao,,2015,nome dado pelo Tiago,Nao,,,,Ambos,pasta do Tiago,,proxies/e63cfdf78bfb.jpg,C:\casamento-video-media\trabalho\01-NOVAS\Clara_Tiago_e_amigos\2015_CLARA_TIAGO_AMIGOS_SECUNDARIO.jpg,upscale forte
f0337,2015_CLARA_TIAGO_AMIGOS_SECUNDARIO_2.jpg,01-NOVAS/Clara_Tiago_e_amigos,edf16b714e01bc314e5b567be916ee293455fc61f016d805165e2e653db7a41e,101882,960,540,horizontal,1.778,2.0,Nao,,Nao,,2015,nome dado pelo Tiago,Nao,,,,Ambos,pasta do Tiago,,proxies/edf16b714e01.jpg,C:\casamento-video-media\trabalho\01-NOVAS\Clara_Tiago_e_amigos\2015_CLARA_TIAGO_AMIGOS_SECUNDARIO_2.jpg,
f0338,2015_CLARA_TIAGO_AMIGOS_SECUNDARIO_3.jpg,01-NOVAS/Clara_Tiago_e_amigos,7370115ba067cfbd67c0c7ac1e77eacfc4ffbc94a7439be6713e0c0834608d1e,388329,2048,1536,horizontal,1.333,0.94,Sim,,Nao,,2015,nome dado pelo Tiago,Nao,,,,Ambos,pasta do Tiago,,proxies/7370115ba067.jpg,C:\casamento-video-media\trabalho\01-NOVAS\Clara_Tiago_e_amigos\2015_CLARA_TIAGO_AMIGOS_SECUNDARIO_3.jpg,
f0339,2015_CLARA_TIAGO_AMIGOS_SECUNDARIO_4.jpg,01-NOVAS/Clara_Tiago_e_amigos,4618b354e2e00282c9ea3f24e20ba93288cd6fb86e7b7e8e6a8e4b059ac9d6df,76228,960,540,horizontal,1.778,2.0,Nao,,Nao,,2015,nome dado pelo Tiago,Nao,,,,Ambos,pasta do Tiago,,proxies/4618b354e2e0.jpg,C:\casamento-video-media\trabalho\01-NOVAS\Clara_Tiago_e_amigos\2015_CLARA_TIAGO_AMIGOS_SECUNDARIO_4.jpg,
f0340,2016_CLARA_TIAGO_AMIGOS_SECUNDARIO.jpg,01-NOVAS/Clara_Tiago_e_amigos,6e81370a997b5dd101cacc094842a35a9803d73491e155c5152a726b669f718b,60177,960,540,horizontal,1.778,2.0,Nao,,Nao,,2016,nome dado pelo Tiago,Nao,,,,Ambos,pasta do Tiago,,proxies/6e81370a997b.jpg,C:\casamento-video-media\trabalho\01-NOVAS\Clara_Tiago_e_amigos\2016_CLARA_TIAGO_AMIGOS_SECUNDARIO.jpg,
f0341,2016_CLARA_TIAGO_AMIGOS_SECUNDARIO_2.jpg,01-NOVAS/Clara_Tiago_e_amigos,807116f5510da162f5c6f41ed1cea9b5b2e0982242b1060b6c3b9537f16066f6,65037,960,540,horizontal,1.778,2.0,Nao,,Nao,,2016,nome dado pelo Tiago,Nao,,,,Ambos,pasta do Tiago,,proxies/807116f5510d.jpg,C:\casamento-video-media\trabalho\01-NOVAS\Clara_Tiago_e_amigos\2016_CLARA_TIAGO_AMIGOS_SECUNDARIO_2.jpg,
f0342,2016_CLARA_TIAGO_AMIGOS_SECUNDARIO_3.jpg,01-NOVAS/Clara_Tiago_e_amigos,da57b056a00df3507dc5b91dae3a4c246de4cd6bf85a8c8072348bbcf164226b,60948,960,540,horizontal,1.778,2.0,Nao,,Nao,,2016,nome dado pelo Tiago,Nao,,,,Ambos,pasta do Tiago,,proxies/da57b056a00d.jpg,C:\casamento-video-media\trabalho\01-NOVAS\Clara_Tiago_e_amigos\2016_CLARA_TIAGO_AMIGOS_SECUNDARIO_3.jpg,
f0343,2016_NOS_D'ANDANDA.jpg,01-NOVAS/Clara_Tiago_e_amigos,25e2d7b72b265e7f8f66c81cd0102e60ee7135edbfe278872b7452b3b20d71c2,37404,785,456,horizontal,1.721,2.45,Nao,,Nao,,2016,nome dado pelo Tiago,Nao,,,,Ambos,pasta do Tiago,,proxies/25e2d7b72b26.jpg,C:\casamento-video-media\trabalho\01-NOVAS\Clara_Tiago_e_amigos\2016_NOS_D'ANDANDA.jpg,upscale forte
f0344,DSC00781.JPG,01-NOVAS/Clara_Tiago_e_amigos,69bbd338601383b5aa0a4678ee9ae9ba231f39b8eee8f1c0c8697963d2d14e73,80785,768,576,horizontal,1.333,2.5,Nao,,Nao,,,,Nao,,,,Ambos,pasta do Tiago,,proxies/69bbd3386013.jpg,C:\casamento-video-media\trabalho\01-NOVAS\Clara_Tiago_e_amigos\DSC00781.JPG,upscale forte; ano por determinar
f0345,2013_Tiago_Familia_Paterna.jpg,01-NOVAS/Família_Tiago,446c24fc2aef138a36a4a9893635451927f752e2b40cca1f5ecd2f73b5840542,127385,960,640,horizontal,1.5,2.0,Nao,,Nao,,2013,nome dado pelo Tiago,Nao,,,,Familia,pasta do Tiago,,proxies/446c24fc2aef.jpg,C:\casamento-video-media\trabalho\01-NOVAS\Família_Tiago\2013_Tiago_Familia_Paterna.jpg,
f0346,IMG_20260209_172732.jpg,01-NOVAS/Família_Tiago,697640d0945500608040db72d633468c2cde12c5c2668fe7302c7f18e6ac69d3,3501110,3072,4096,vertical,0.75,0.62,Sim,Xiaomi POCO F6,Nao,2026-02-09,2026,EXIF,Nao,,,,Familia,pasta do Tiago,,proxies/697640d09455.jpg,C:\casamento-video-media\trabalho\01-NOVAS\Família_Tiago\IMG_20260209_172732.jpg,
f0347,2025_Pedido_casamento_clara_1.jpg,01-NOVAS/Pedido_Casamento,9e391a45e695a182d60fb6bbaa5cbf86eec758beefca24cdd43e55f955da2628,3110736,4096,3072,horizontal,1.333,0.47,Sim,Xiaomi POCO F6,Nao,2025-12-24,2025,EXIF,Nao,,,,Ambos,pasta do Tiago,,proxies/9e391a45e695.jpg,C:\casamento-video-media\trabalho\01-NOVAS\Pedido_Casamento\2025_Pedido_casamento_clara_1.jpg,
f0348,2025_Pedido_casamento_clara_2.jpg,01-NOVAS/Pedido_Casamento,19a5ce9ed58de5d3d0749770a60e4521d7589cf6d8bbd93c7a042fb796010419,3140181,3072,4096,vertical,0.75,0.62,Sim,Xiaomi POCO F6,Nao,2025-12-24,2025,EXIF,Nao,,,,Ambos,pasta do Tiago,,proxies/19a5ce9ed58d.jpg,C:\casamento-video-media\trabalho\01-NOVAS\Pedido_Casamento\2025_Pedido_casamento_clara_2.jpg,
f0349,2025_Pedido_casamento_clara_3.jpg,01-NOVAS/Pedido_Casamento,25fc6886cadb9cdf5feb7bd0edea5e529698065a035f013223238f978c0cf1fd,3057554,3072,4096,vertical,0.75,0.62,Sim,Xiaomi POCO F6,Nao,2025-12-24,2025,EXIF,Nao,,,,Ambos,pasta do Tiago,,proxies/25fc6886cadb.jpg,C:\casamento-video-media\trabalho\01-NOVAS\Pedido_Casamento\2025_Pedido_casamento_clara_3.jpg,
f0350,2025_Pedido_casamento_clara_4.jpg,01-NOVAS/Pedido_Casamento,967435467a9aca8086643ff369f78fa52d3065199393b0646aa31e80ba5cda6d,3901836,4096,3072,horizontal,1.333,0.47,Sim,Xiaomi POCO F6,Nao,2025-12-24,2025,EXIF,Nao,,,,Ambos,pasta do Tiago,,proxies/967435467a9a.jpg,C:\casamento-video-media\trabalho\01-NOVAS\Pedido_Casamento\2025_Pedido_casamento_clara_4.jpg,
f0351,1996_tiago_e_irmao_mais_velho.jpg,01-NOVAS/Tiago_Familia,dd6a9d1270269242603095586452a8251d4907cb40ee04daafe7da3e68da2238,242940,1632,1224,horizontal,1.333,1.18,Nao,,Nao,,1996,nome dado pelo Tiago,Nao,,,,Familia,pasta do Tiago,,proxies/dd6a9d127026.jpg,C:\casamento-video-media\trabalho\01-NOVAS\Tiago_Familia\1996_tiago_e_irmao_mais_velho.jpg,
f0352,2018_FCP_cLARA_tIAGO_E_FAMILIA_PATERNA_TIAGO.jpg,01-NOVAS/Tiago_Familia,a5879f844ae57f439625182a860a82808bb711136eb6d6acf7a8edd30b877e75,254456,1440,1080,horizontal,1.333,1.33,Nao,,Nao,,2018,nome dado pelo Tiago,Nao,,,,Familia,pasta do Tiago,,proxies/a5879f844ae5.jpg,C:\casamento-video-media\trabalho\01-NOVAS\Tiago_Familia\2018_FCP_cLARA_tIAGO_E_FAMILIA_PATERNA_TIAGO.jpg,
f0353,TIAGO_IRMÃO_mae_2016.jpg,01-NOVAS/Tiago_Familia,bc289c63161f0b9554e6a05d0258b05ba72c7204982a67ba9cc0b9695a9a9b3d,336912,2048,1150,horizontal,1.781,0.94,Sim,,Nao,,,,Nao,,,,Familia,pasta do Tiago,,proxies/bc289c63161f.jpg,C:\casamento-video-media\trabalho\01-NOVAS\Tiago_Familia\TIAGO_IRMÃO_mae_2016.jpg,ano por determinar
